date,description,amount,balance_after,type
2025-07-01,POS SETTLEMENT,4939.5,224939.5,credit
2025-07-01,POS PURCHASE - CARREFOUR,-2807.23,222132.27,debit
2025-07-01,POS PURCHASE - CARREFOUR,-1937.3,220194.97,debit
2025-07-01,ETISALAT BILL,-1432.8,218762.17,debit
2025-07-02,POS SETTLEMENT,10242.84,229005.01,credit
2025-07-02,DEBIT - SUPPLIER PMT,-3591.92,225413.09,debit
2025-07-02,ATM WITHDRAWAL DUBAI,-3377.63,222035.46,debit
2025-07-02,ETISALAT BILL,-4342.08,217693.38,debit
2025-07-03,TRF FROM AL FAJR TRADING,4857.93,222551.31,credit
2025-07-03,CHEQUE DEPOSIT 1234,10654.5,233205.81,credit
2025-07-03,ATM WITHDRAWAL DUBAI,-1399.96,231805.85,debit
2025-07-03,FUEL CARD - ENOC,-761.85,231044.0,debit
2025-07-04,ETISALAT BILL,-2302.84,235240.35,debit
2025-07-04,TRF FROM AL FAJR TRADING,8931.36,239975.36,credit
2025-07-04,DEWA BILL,-2432.17,237543.19,debit
2025-07-05,INWARD - GULF SOURCING LLC,5938.35,241178.7,credit
2025-07-05,INWARD - GULF SOURCING LLC,5321.94,246500.64,credit
2025-07-05,FUEL CARD - ENOC,-2190.44,244310.2,debit
2025-07-05,FUEL CARD - ENOC,-4199.91,240110.29,debit
2025-07-05,ATM WITHDRAWAL DUBAI,-2875.74,237234.55,debit
2025-07-05,ETISALAT BILL,-3491.02,233743.53,debit
2025-07-05,STANDING ORDER - AL HABTOOR REAL ESTATE RENT,-35000.0,198743.53,debit
2025-07-06,BANK CHARGES,-1339.08,215205.89,debit
2025-07-06,FUEL CARD - ENOC,-2434.11,212771.78,debit
2025-07-06,POS PURCHASE - CARREFOUR,-2633.06,216544.97,debit
2025-07-06,INWARD TT - HASSAN GENERAL TR,6676.2,205419.73,credit
2025-07-06,POS SETTLEMENT,10722.67,216142.4,credit
2025-07-06,INWARD TT - HASSAN GENERAL TR,3035.63,219178.03,credit
2025-07-07,INWARD TT NASEEM CUSTOMER PMT,12799.84,225571.62,credit
2025-07-07,POS PURCHASE - CARREFOUR,-614.45,224957.17,debit
2025-07-07,POS PURCHASE - CARREFOUR,-2514.86,222442.31,debit
2025-07-07,ETISALAT BILL,-4382.77,218059.54,debit
2025-07-07,BANK CHARGES,-1753.86,216305.68,debit
2025-07-08,BANK CHARGES,-633.14,238111.23,debit
2025-07-08,POS PURCHASE - CARREFOUR,-1269.05,238744.37,debit
2025-07-08,INWARD - GULF SOURCING LLC,10640.18,226945.86,credit
2025-07-08,DEPOSIT - CASH,13067.56,240013.42,credit
2025-07-09,CHEQUE DEPOSIT 1234,6820.26,244931.49,credit
2025-07-09,ETISALAT BILL,-2847.07,242084.42,debit
2025-07-09,DEBIT - SUPPLIER PMT,-733.05,241351.37,debit
2025-07-09,ATM WITHDRAWAL DUBAI,-3740.92,237610.45,debit
2025-07-10,ETISALAT BILL,-1046.79,248492.79,debit
2025-07-10,CHEQUE DEPOSIT 1234,10003.11,247613.56,credit
2025-07-10,POS SETTLEMENT,5797.22,253410.78,credit
2025-07-10,POS PURCHASE - CARREFOUR,-3871.2,249539.58,debit
2025-07-11,DEBIT - SUPPLIER PMT,-2854.06,245674.06,debit
2025-07-11,DEWA BILL,-4442.59,248528.12,debit
2025-07-11,POS SETTLEMENT,4477.92,252970.71,credit
2025-07-12,INWARD TT NASEEM CUSTOMER PMT,12371.14,258045.2,credit
2025-07-12,DEPOSIT - CASH,8183.25,266228.45,credit
2025-07-12,ATM WITHDRAWAL DUBAI,-1397.41,264831.04,debit
2025-07-12,POS PURCHASE - CARREFOUR,-4212.42,260618.62,debit
2025-07-12,POS PURCHASE - CARREFOUR,-3621.3,256997.32,debit
2025-07-12,ATM WITHDRAWAL DUBAI,-3020.32,253977.0,debit
2025-07-13,DEBIT - SUPPLIER PMT,-1937.96,267906.18,debit
2025-07-13,ATM WITHDRAWAL DUBAI,-2715.86,269844.14,debit
2025-07-13,ETISALAT BILL,-2557.77,272560.0,debit
2025-07-13,POS PURCHASE - CARREFOUR,-2302.34,275117.77,debit
2025-07-13,INWARD TT - HASSAN GENERAL TR,9585.08,277420.11,credit
2025-07-13,CHEQUE DEPOSIT 1234,6059.92,267835.03,credit
2025-07-13,INWARD TT NASEEM CUSTOMER PMT,7798.11,261775.11,credit
2025-07-14,POS SETTLEMENT,5281.74,273187.92,credit
2025-07-14,INWARD TT - HASSAN GENERAL TR,9131.96,282319.88,credit
2025-07-14,DEWA BILL,-3881.06,278438.82,debit
2025-07-14,DEWA BILL,-1637.33,276801.49,debit
2025-07-14,DEBIT - SUPPLIER PMT,-521.59,276279.9,debit
2025-07-15,ATM WITHDRAWAL DUBAI,-1889.06,297376.54,debit
2025-07-15,ETISALAT BILL,-1170.59,300596.02,debit
2025-07-15,FUEL CARD - ENOC,-1330.42,299265.6,debit
2025-07-15,INWARD TT - HASSAN GENERAL TR,13004.83,289284.73,credit
2025-07-15,CHEQUE DEPOSIT 1234,12481.88,301766.61,credit
2025-07-16,INWARD TT NASEEM CUSTOMER PMT,12074.96,309451.5,credit
2025-07-16,BANK CHARGES,-794.85,308656.65,debit
2025-07-16,DEBIT - SUPPLIER PMT,-2422.44,306234.21,debit
2025-07-16,DEWA BILL,-810.35,305423.86,debit
2025-07-17,ETISALAT BILL,-1582.19,307884.46,debit
2025-07-17,POS SETTLEMENT,12795.94,318219.8,credit
2025-07-17,BANK CHARGES,-3989.93,314229.87,debit
2025-07-17,ETISALAT BILL,-4058.34,310171.53,debit
2025-07-17,BANK CHARGES,-704.88,309466.65,debit
2025-07-18,BANK CHARGES,-1355.25,318943.59,debit
2025-07-18,ETISALAT BILL,-3747.12,320298.84,debit
2025-07-18,DEBIT - SUPPLIER PMT,-4439.17,324045.96,debit
2025-07-18,DEPOSIT - CASH,11959.03,319843.49,credit
2025-07-18,INWARD TT - HASSAN GENERAL TR,4539.66,331879.25,credit
2025-07-18,INWARD TT - HASSAN GENERAL TR,7496.1,327339.59,credit
2025-07-18,BANK CHARGES,-3394.12,328485.13,debit
2025-07-19,DEWA BILL,-802.01,331003.67,debit
2025-07-19,DEPOSIT - CASH,9804.8,328748.39,credit
2025-07-19,CHEQUE DEPOSIT 1234,3057.29,331805.68,credit
2025-07-19,DEWA BILL,-3499.93,327503.74,debit
2025-07-20,WIRE OUT - LIWA TRADING SUPPLIER,-50620.64,230959.5,debit
2025-07-20,WIRE OUT - LIWA TRADING SUPPLIER,-54998.62,281580.14,debit
2025-07-20,INWARD - GULF SOURCING LLC,12509.01,340012.75,credit
2025-07-20,FUEL CARD - ENOC,-2344.49,337668.26,debit
2025-07-20,POS PURCHASE - CARREFOUR,-1089.5,336578.76,debit
2025-07-21,TRF FROM AL FAJR TRADING,6475.0,237434.5,credit
2025-07-21,INWARD TT NASEEM CUSTOMER PMT,8922.64,246357.14,credit
2025-07-21,POS SETTLEMENT,4837.96,251195.1,credit
2025-07-21,FUEL CARD - ENOC,-3852.08,247343.02,debit
2025-07-21,DEBIT - SUPPLIER PMT,-2403.69,244939.33,debit
2025-07-22,DEWA BILL,-526.11,244117.46,debit
2025-07-22,FUEL CARD - ENOC,-3022.01,244643.57,debit
2025-07-22,DEWA BILL,-1961.38,247665.58,debit
2025-07-22,POS SETTLEMENT,4687.63,249626.96,credit
2025-07-23,POS SETTLEMENT,13794.01,257911.47,credit
2025-07-23,DEWA BILL,-4139.52,253771.95,debit
2025-07-23,DEBIT - SUPPLIER PMT,-1990.99,251780.96,debit
2025-07-23,ATM WITHDRAWAL DUBAI,-1885.45,249895.51,debit
2025-07-23,FUEL CARD - ENOC,-3296.91,246598.6,debit
2025-07-24,DEBIT - SUPPLIER PMT,-3917.13,245265.66,debit
2025-07-24,DEBIT - SUPPLIER PMT,-1554.86,249182.79,debit
2025-07-24,ATM WITHDRAWAL DUBAI,-2558.93,242706.73,debit
2025-07-24,INWARD - GULF SOURCING LLC,6637.88,253236.48,credit
2025-07-24,ETISALAT BILL,-2498.83,250737.65,debit
2025-07-25,DEPOSIT - CASH,2692.28,245399.01,credit
2025-07-25,INWARD TT NASEEM CUSTOMER PMT,10920.1,256319.11,credit
2025-07-25,DEWA BILL,-2291.56,254027.55,debit
2025-07-25,POS PURCHASE - CARREFOUR,-1214.24,252813.31,debit
2025-07-26,FUEL CARD - ENOC,-801.52,276603.69,debit
2025-07-26,INWARD TT - HASSAN GENERAL TR,10396.73,277405.21,credit
2025-07-26,DEBIT - SUPPLIER PMT,-2047.54,274556.15,debit
2025-07-26,CHEQUE DEPOSIT 1234,9497.87,262311.18,credit
2025-07-26,CHEQUE DEPOSIT 1234,4697.3,267008.48,credit
2025-07-27,DEPOSIT - CASH,13100.18,287656.33,credit
2025-07-27,DEPOSIT - CASH,10815.76,298472.09,credit
2025-07-27,BANK CHARGES,-2514.23,295957.86,debit
2025-07-27,ETISALAT BILL,-1477.55,294480.31,debit
2025-07-27,BANK CHARGES,-2222.31,292258.0,debit
2025-07-28,SALARY TRF EMP02 ALNASEEM,-10215.17,276697.01,debit
2025-07-28,SALARY TRF EMP06 ALNASEEM,-7544.33,246887.83,debit
2025-07-28,SALARY TRF EMP05 ALNASEEM,-10451.03,254432.16,debit
2025-07-28,SALARY TRF EMP07 ALNASEEM,-5734.09,241153.74,debit
2025-07-28,SALARY TRF EMP03 ALNASEEM,-5993.09,270703.92,debit
2025-07-28,SALARY TRF EMP01 ALNASEEM,-10915.61,286912.18,debit
2025-07-28,SALARY TRF EMP04 ALNASEEM,-5820.73,264883.19,debit
2025-07-28,FUEL CARD - ENOC,-2051.84,305756.58,debit
2025-07-28,POS PURCHASE - CARREFOUR,-3537.41,307808.42,debit
2025-07-28,CHEQUE DEPOSIT 1234,5582.44,311345.83,credit
2025-07-28,DEPOSIT - CASH,9679.74,305763.39,credit
2025-07-28,POS SETTLEMENT,3825.65,296083.65,credit
2025-07-28,SALARY TRF EMP00 ALNASEEM,-7928.79,297827.79,debit
2025-07-29,DEBIT - SUPPLIER PMT,-1055.07,273095.45,debit
2025-07-29,DEBIT - SUPPLIER PMT,-1735.97,274150.52,debit
2025-07-29,DEBIT - SUPPLIER PMT,-532.35,275886.49,debit
2025-07-29,POS PURCHASE - CARREFOUR,-3814.19,269281.26,debit
2025-07-29,INWARD TT - HASSAN GENERAL TR,8716.81,263142.71,credit
2025-07-29,CHEQUE DEPOSIT 1234,13272.16,254425.9,credit
2025-07-29,INWARD TT - HASSAN GENERAL TR,13276.13,276418.84,credit
2025-07-30,POS SETTLEMENT,12540.74,281822.0,credit
2025-07-30,DEWA BILL,-3705.58,278116.42,debit
2025-07-30,POS PURCHASE - CARREFOUR,-944.19,277172.23,debit
2025-07-31,INWARD TT - HASSAN GENERAL TR,12795.44,289967.67,credit
2025-07-31,CHEQUE DEPOSIT 1234,10827.99,300795.66,credit
2025-07-31,POS SETTLEMENT,10415.38,311211.04,credit
2025-07-31,DEBIT - SUPPLIER PMT,-3016.74,308194.3,debit
2025-07-31,BANK CHARGES,-2288.72,305905.58,debit
2025-07-31,ATM WITHDRAWAL DUBAI,-1397.84,304507.74,debit
2025-07-31,DEBIT - SUPPLIER PMT,-2580.32,301927.42,debit
2025-08-01,DEWA BILL,-2849.97,318705.95,debit
2025-08-01,DEWA BILL,-2070.2,321555.92,debit
2025-08-01,INWARD TT - HASSAN GENERAL TR,6504.98,308432.4,credit
2025-08-01,POS SETTLEMENT,4050.03,312482.43,credit
2025-08-01,INWARD - GULF SOURCING LLC,11143.69,323626.12,credit
2025-08-02,INWARD - GULF SOURCING LLC,4561.24,323267.19,credit
2025-08-02,INWARD - GULF SOURCING LLC,10807.54,334074.73,credit
2025-08-02,POS SETTLEMENT,7979.18,342053.91,credit
2025-08-02,DEWA BILL,-3036.04,339017.87,debit
2025-08-02,ETISALAT BILL,-1025.18,337992.69,debit
2025-08-02,BANK CHARGES,-1803.02,336189.67,debit
2025-08-03,POS PURCHASE - CARREFOUR,-559.34,337023.83,debit
2025-08-03,DEBIT - SUPPLIER PMT,-2896.81,337583.17,debit
2025-08-03,ETISALAT BILL,-2861.62,340479.98,debit
2025-08-03,CHEQUE DEPOSIT 1234,10521.68,346711.35,credit
2025-08-03,ETISALAT BILL,-3369.75,343341.6,debit
2025-08-04,CHEQUE DEPOSIT 1234,11217.54,348241.37,credit
2025-08-04,INWARD TT NASEEM CUSTOMER PMT,2559.02,350800.39,credit
2025-08-04,INWARD - GULF SOURCING LLC,3791.93,354592.32,credit
2025-08-04,DEBIT - SUPPLIER PMT,-1137.77,353454.55,debit
2025-08-04,DEBIT - SUPPLIER PMT,-2090.66,351363.89,debit
2025-08-05,DEWA BILL,-4148.39,357162.06,debit
2025-08-05,STANDING ORDER - AL HABTOOR REAL ESTATE RENT,-35000.0,322162.06,debit
2025-08-05,POS PURCHASE - CARREFOUR,-3720.34,361310.45,debit
2025-08-05,BANK CHARGES,-3296.18,365030.79,debit
2025-08-05,FUEL CARD - ENOC,-994.78,368326.97,debit
2025-08-05,POS SETTLEMENT,6222.3,369321.75,credit
2025-08-05,POS SETTLEMENT,3041.21,363099.45,credit
2025-08-05,DEPOSIT - CASH,8694.35,360058.24,credit
2025-08-06,DEPOSIT - CASH,6398.98,328561.04,credit
2025-08-06,INWARD - GULF SOURCING LLC,8703.03,337264.07,credit
2025-08-06,POS SETTLEMENT,11345.04,348609.11,credit
2025-08-06,DEWA BILL,-2245.17,346363.94,debit
2025-08-06,ETISALAT BILL,-3498.1,342865.84,debit
2025-08-06,DEWA BILL,-662.83,342203.01,debit
2025-08-06,ATM WITHDRAWAL DUBAI,-1150.15,341052.86,debit
2025-08-07,DEBIT - SUPPLIER PMT,-2792.8,350152.3,debit
2025-08-07,DEBIT - SUPPLIER PMT,-4194.05,352945.1,debit
2025-08-07,DEBIT - SUPPLIER PMT,-2706.24,357139.15,debit
2025-08-07,INWARD TT NASEEM CUSTOMER PMT,10152.37,351205.23,credit
2025-08-07,TRF FROM AL FAJR TRADING,10453.83,361659.06,credit
2025-08-07,DEWA BILL,-1813.67,359845.39,debit
2025-08-08,TRF FROM AL FAJR TRADING,3529.32,353681.62,credit
2025-08-08,CHEQUE DEPOSIT 1234,3455.18,357136.8,credit
2025-08-08,INWARD TT NASEEM CUSTOMER PMT,7200.66,364337.46,credit
2025-08-08,DEBIT - SUPPLIER PMT,-2308.47,362028.99,debit
2025-08-08,POS PURCHASE - CARREFOUR,-1039.37,360989.62,debit
2025-08-09,DEWA BILL,-1331.72,355049.4,debit
2025-08-09,POS PURCHASE - CARREFOUR,-3062.49,356381.12,debit
2025-08-09,INWARD TT - HASSAN GENERAL TR,5035.14,366024.76,credit
2025-08-09,POS PURCHASE - CARREFOUR,-4426.43,361598.33,debit
2025-08-09,BANK CHARGES,-2154.72,359443.61,debit
2025-08-10,DEPOSIT - CASH,12190.6,367240.0,credit
2025-08-10,TRF FROM AL FAJR TRADING,11917.26,379157.26,credit
2025-08-10,DEPOSIT - CASH,11933.05,391090.31,credit
2025-08-10,FUEL CARD - ENOC,-3896.23,387194.08,debit
2025-08-10,FUEL CARD - ENOC,-4483.21,382710.87,debit
2025-08-10,POS PURCHASE - CARREFOUR,-3752.61,378958.26,debit
2025-08-10,FUEL CARD - ENOC,-3877.34,375080.92,debit
2025-08-11,DEBIT - SUPPLIER PMT,-2851.75,370396.52,debit
2025-08-11,BANK CHARGES,-2767.4,373248.27,debit
2025-08-11,INWARD - GULF SOURCING LLC,6322.35,381403.27,credit
2025-08-11,ETISALAT BILL,-3191.0,378212.27,debit
2025-08-11,DEBIT - SUPPLIER PMT,-2196.6,376015.67,debit
2025-08-12,ATM WITHDRAWAL DUBAI,-1798.16,390674.4,debit
2025-08-12,CHEQUE DEPOSIT 1234,13799.05,384195.57,credit
2025-08-12,INWARD - GULF SOURCING LLC,4130.22,388325.79,credit
2025-08-12,INWARD TT - HASSAN GENERAL TR,8391.51,396717.3,credit
2025-08-12,ATM WITHDRAWAL DUBAI,-4244.74,392472.56,debit
2025-08-13,BANK CHARGES,-4068.51,391253.64,debit
2025-08-13,FUEL CARD - ENOC,-693.75,395322.15,debit
2025-08-13,CHEQUE DEPOSIT 1234,5341.5,396015.9,credit
2025-08-14,POS SETTLEMENT,12190.63,403444.27,credit
2025-08-14,DEWA BILL,-2624.05,400820.22,debit
2025-08-14,DEWA BILL,-4364.0,396456.22,debit
2025-08-15,DEPOSIT - CASH,6024.79,402481.01,credit
2025-08-15,BANK CHARGES,-760.33,401720.68,debit
2025-08-15,POS PURCHASE - CARREFOUR,-4397.81,397322.87,debit
2025-08-15,FUEL CARD - ENOC,-1713.52,395609.35,debit
2025-08-15,POS PURCHASE - CARREFOUR,-2256.86,393352.49,debit
2025-08-16,DEBIT - SUPPLIER PMT,-2435.81,389291.99,debit
2025-08-16,POS PURCHASE - CARREFOUR,-3501.46,391727.8,debit
2025-08-16,POS PURCHASE - CARREFOUR,-3990.24,395229.26,debit
2025-08-16,DEPOSIT - CASH,5867.01,399219.5,credit
2025-08-17,INWARD - GULF SOURCING LLC,10148.34,399440.33,credit
2025-08-17,DEPOSIT - CASH,7529.35,406969.68,credit
2025-08-17,TRF FROM AL FAJR TRADING,8402.23,415371.91,credit
2025-08-17,ETISALAT BILL,-1390.61,413981.3,debit
2025-08-17,FUEL CARD - ENOC,-1083.05,412898.25,debit
2025-08-17,ATM WITHDRAWAL DUBAI,-2310.59,410587.66,debit
2025-08-17,ETISALAT BILL,-753.53,409834.13,debit
2025-08-18,FUEL CARD - ENOC,-1580.85,423556.28,debit
2025-08-18,FUEL CARD - ENOC,-2185.79,425137.13,debit
2025-08-18,POS SETTLEMENT,6985.92,416820.05,credit
2025-08-18,TRF FROM AL FAJR TRADING,10502.87,427322.92,credit
2025-08-19,TRF FROM AL FAJR TRADING,6323.11,429879.39,credit
2025-08-19,DEPOSIT - CASH,13365.17,443244.56,credit
2025-08-19,CHEQUE DEPOSIT 1234,9701.13,452945.69,credit
2025-08-19,ETISALAT BILL,-4460.8,448484.89,debit
2025-08-19,ATM WITHDRAWAL DUBAI,-870.47,447614.42,debit
2025-08-20,DEBIT - SUPPLIER PMT,-3011.67,456406.7,debit
2025-08-20,WIRE OUT - LIWA TRADING SUPPLIER,-43066.37,368282.98,debit
2025-08-20,WIRE OUT - LIWA TRADING SUPPLIER,-45057.35,411349.35,debit
2025-08-20,DEWA BILL,-2076.73,459418.37,debit
2025-08-20,DEBIT - SUPPLIER PMT,-1598.38,461495.1,debit
2025-08-20,INWARD - GULF SOURCING LLC,5293.44,463093.48,credit
2025-08-20,TRF FROM AL FAJR TRADING,10185.62,457800.04,credit
2025-08-21,DEPOSIT - CASH,11485.98,379768.96,credit
2025-08-21,POS SETTLEMENT,7517.54,387286.5,credit
2025-08-21,ATM WITHDRAWAL DUBAI,-3785.55,383500.95,debit
2025-08-21,ETISALAT BILL,-1396.86,382104.09,debit
2025-08-22,DEPOSIT - CASH,3153.2,385257.29,credit
2025-08-22,ATM WITHDRAWAL DUBAI,-2545.64,382711.65,debit
2025-08-22,FUEL CARD - ENOC,-911.93,381799.72,debit
2025-08-23,FUEL CARD - ENOC,-927.78,391368.27,debit
2025-08-23,FUEL CARD - ENOC,-565.42,392296.05,debit
2025-08-23,DEPOSIT - CASH,5982.64,396038.94,credit
2025-08-23,POS SETTLEMENT,8256.58,390056.3,credit
2025-08-23,DEBIT - SUPPLIER PMT,-3177.47,392861.47,debit
2025-08-24,INWARD TT NASEEM CUSTOMER PMT,6787.99,398156.26,credit
2025-08-24,TRF FROM AL FAJR TRADING,6998.64,405154.9,credit
2025-08-24,ETISALAT BILL,-1382.32,403772.58,debit
2025-08-24,POS PURCHASE - CARREFOUR,-3907.23,399865.35,debit
2025-08-24,ATM WITHDRAWAL DUBAI,-2816.31,397049.04,debit
2025-08-24,ETISALAT BILL,-2989.56,394059.48,debit
2025-08-25,DEBIT - SUPPLIER PMT,-685.11,412178.94,debit
2025-08-25,ATM WITHDRAWAL DUBAI,-1597.24,406177.87,debit
2025-08-25,ATM WITHDRAWAL DUBAI,-1479.09,407775.11,debit
2025-08-25,BANK CHARGES,-2924.74,409254.2,debit
2025-08-25,INWARD TT NASEEM CUSTOMER PMT,10315.03,404374.51,credit
2025-08-25,INWARD - GULF SOURCING LLC,5523.08,409897.59,credit
2025-08-25,INWARD TT - HASSAN GENERAL TR,2966.46,412864.05,credit
2025-08-26,DEBIT - SUPPLIER PMT,-2495.06,425275.82,debit
2025-08-26,POS PURCHASE - CARREFOUR,-934.19,420491.37,debit
2025-08-26,BANK CHARGES,-634.21,427770.88,debit
2025-08-26,BANK CHARGES,-3850.26,421425.56,debit
2025-08-26,DEPOSIT - CASH,4614.88,415621.54,credit
2025-08-26,INWARD - GULF SOURCING LLC,4828.79,411006.66,credit
2025-08-26,TRF FROM AL FAJR TRADING,12783.55,428405.09,credit
2025-08-27,FUEL CARD - ENOC,-540.31,439614.82,debit
2025-08-27,BANK CHARGES,-1286.2,440155.13,debit
2025-08-27,DEPOSIT - CASH,8027.09,428518.46,credit
2025-08-27,INWARD TT NASEEM CUSTOMER PMT,12922.87,441441.33,credit
2025-08-28,TRF FROM AL FAJR TRADING,8086.51,447701.33,credit
2025-08-28,INWARD TT - HASSAN GENERAL TR,8889.22,456590.55,credit
2025-08-28,INWARD - GULF SOURCING LLC,13512.4,470102.95,credit
2025-08-28,ATM WITHDRAWAL DUBAI,-2942.75,467160.2,debit
2025-08-28,BANK CHARGES,-599.66,466560.54,debit
2025-08-28,SALARY TRF EMP00 ALNASEEM,-8061.53,458499.01,debit
2025-08-28,SALARY TRF EMP01 ALNASEEM,-8649.94,449849.07,debit
2025-08-28,SALARY TRF EMP02 ALNASEEM,-5226.02,444623.05,debit
2025-08-28,SALARY TRF EMP03 ALNASEEM,-9336.93,435286.12,debit
2025-08-28,SALARY TRF EMP04 ALNASEEM,-10568.16,424717.96,debit
2025-08-28,SALARY TRF EMP05 ALNASEEM,-4584.18,420133.78,debit
2025-08-28,SALARY TRF EMP06 ALNASEEM,-9111.62,411022.16,debit
2025-08-28,SALARY TRF EMP07 ALNASEEM,-7292.83,403729.33,debit
2025-08-29,DEBIT - SUPPLIER PMT,-2764.64,401228.73,debit
2025-08-29,ETISALAT BILL,-2507.59,403993.37,debit
2025-08-29,ETISALAT BILL,-1001.19,400227.54,debit
2025-08-29,TRF FROM AL FAJR TRADING,6292.03,410021.36,credit
2025-08-29,ETISALAT BILL,-3520.4,406500.96,debit
2025-08-30,DEBIT - SUPPLIER PMT,-653.55,409466.09,debit
2025-08-30,ATM WITHDRAWAL DUBAI,-2768.0,410119.64,debit
2025-08-30,INWARD TT - HASSAN GENERAL TR,11724.4,411951.94,credit
2025-08-30,DEPOSIT - CASH,4302.44,416254.38,credit
2025-08-30,DEBIT - SUPPLIER PMT,-3366.74,412887.64,debit
2025-08-31,INWARD - GULF SOURCING LLC,10086.83,419552.92,credit
2025-08-31,POS PURCHASE - CARREFOUR,-4186.34,415366.58,debit
2025-08-31,POS PURCHASE - CARREFOUR,-1112.83,414253.75,debit
2025-08-31,DEBIT - SUPPLIER PMT,-2173.26,412080.49,debit
2025-09-01,INWARD TT - HASSAN GENERAL TR,3185.72,415266.21,credit
2025-09-01,INWARD - GULF SOURCING LLC,12517.55,427783.76,credit
2025-09-01,DEWA BILL,-847.69,426936.07,debit
2025-09-01,ATM WITHDRAWAL DUBAI,-1278.5,425657.57,debit
2025-09-02,POS SETTLEMENT,12355.41,438012.98,credit
2025-09-02,FUEL CARD - ENOC,-2093.45,435919.53,debit
2025-09-02,ETISALAT BILL,-3836.42,432083.11,debit
2025-09-02,FUEL CARD - ENOC,-2184.55,429898.56,debit
2025-09-03,BANK CHARGES,-2066.2,452283.92,debit
2025-09-03,BANK CHARGES,-1886.13,454350.12,debit
2025-09-03,FUEL CARD - ENOC,-3398.7,448885.22,debit
2025-09-03,TRF FROM AL FAJR TRADING,12115.66,450602.49,credit
2025-09-03,TRF FROM AL FAJR TRADING,8588.27,438486.83,credit
2025-09-03,INWARD - GULF SOURCING LLC,5633.76,456236.25,credit
2025-09-04,INWARD TT - HASSAN GENERAL TR,3090.8,451976.02,credit
2025-09-04,INWARD TT NASEEM CUSTOMER PMT,8442.48,460418.5,credit
2025-09-04,ETISALAT BILL,-2768.9,457649.6,debit
2025-09-04,DEWA BILL,-3256.37,454393.23,debit
2025-09-04,BANK CHARGES,-2644.8,451748.43,debit
2025-09-05,STANDING ORDER - AL HABTOOR REAL ESTATE RENT,-35000.0,425546.2,debit
2025-09-05,POS PURCHASE - CARREFOUR,-4429.4,460546.2,debit
2025-09-05,DEBIT - SUPPLIER PMT,-1172.24,464975.6,debit
2025-09-05,DEWA BILL,-1637.54,466147.84,debit
2025-09-05,INWARD - GULF SOURCING LLC,8520.06,470801.31,credit
2025-09-05,CHEQUE DEPOSIT 1234,10532.82,462281.25,credit
2025-09-05,ATM WITHDRAWAL DUBAI,-3015.93,467785.38,debit
2025-09-06,ETISALAT BILL,-3037.65,443016.27,debit
2025-09-06,INWARD TT - HASSAN GENERAL TR,9794.15,435340.35,credit
2025-09-06,CHEQUE DEPOSIT 1234,10434.75,445775.1,credit
2025-09-06,CHEQUE DEPOSIT 1234,7021.38,452796.48,credit
2025-09-06,ETISALAT BILL,-3840.44,448956.04,debit
2025-09-06,FUEL CARD - ENOC,-1007.89,447948.15,debit
2025-09-06,DEWA BILL,-1894.23,446053.92,debit
2025-09-07,ATM WITHDRAWAL DUBAI,-2186.89,443498.02,debit
2025-09-07,FUEL CARD - ENOC,-2702.24,440795.78,debit
2025-09-07,INWARD TT - HASSAN GENERAL TR,2668.64,445684.91,credit
2025-09-07,BANK CHARGES,-1911.79,438883.99,debit
2025-09-08,BANK CHARGES,-996.97,460151.62,debit
2025-09-08,ATM WITHDRAWAL DUBAI,-1600.23,458551.39,debit
2025-09-08,ATM WITHDRAWAL DUBAI,-2262.7,461148.59,debit
2025-09-08,ETISALAT BILL,-4098.06,463411.29,debit
2025-09-08,POS SETTLEMENT,9693.13,467509.35,credit
2025-09-08,INWARD - GULF SOURCING LLC,6810.17,457816.22,credit
2025-09-08,INWARD - GULF SOURCING LLC,12122.06,451006.05,credit
2025-09-09,INWARD TT - HASSAN GENERAL TR,6668.2,465219.59,credit
2025-09-09,BANK CHARGES,-3316.2,461903.39,debit
2025-09-09,BANK CHARGES,-1219.18,460684.21,debit
2025-09-09,POS PURCHASE - CARREFOUR,-2739.63,457944.58,debit
2025-09-10,DEBIT - SUPPLIER PMT,-3704.11,473023.14,debit
2025-09-10,ETISALAT BILL,-3237.11,476727.25,debit
2025-09-10,ATM WITHDRAWAL DUBAI,-4461.75,479964.36,debit
2025-09-10,DEBIT - SUPPLIER PMT,-4178.45,484426.11,debit
2025-09-10,CHEQUE DEPOSIT 1234,12400.32,488604.56,credit
2025-09-10,TRF FROM AL FAJR TRADING,9784.27,476204.24,credit
2025-09-10,CHEQUE DEPOSIT 1234,8475.39,466419.97,credit
2025-09-11,TRF FROM AL FAJR TRADING,8527.35,481550.49,credit
2025-09-11,INWARD TT - HASSAN GENERAL TR,12439.99,493990.48,credit
2025-09-11,INWARD TT - HASSAN GENERAL TR,3849.32,497839.8,credit
2025-09-11,ETISALAT BILL,-2445.76,495394.04,debit
2025-09-11,POS PURCHASE - CARREFOUR,-2619.66,492774.38,debit
2025-09-11,POS PURCHASE - CARREFOUR,-2813.98,489960.4,debit
2025-09-12,DEWA BILL,-2100.5,492552.57,debit
2025-09-12,FUEL CARD - ENOC,-691.99,494653.07,debit
2025-09-12,INWARD TT NASEEM CUSTOMER PMT,5384.66,495345.06,credit
2025-09-13,DEPOSIT - CASH,7801.91,500354.48,credit
2025-09-13,POS SETTLEMENT,11964.4,512318.88,credit
2025-09-13,CHEQUE DEPOSIT 1234,13422.17,525741.05,credit
2025-09-13,ETISALAT BILL,-2682.87,523058.18,debit
2025-09-13,DEBIT - SUPPLIER PMT,-4400.83,518657.35,debit
2025-09-14,BANK CHARGES,-4316.93,532744.42,debit
2025-09-14,DEBIT - SUPPLIER PMT,-3316.45,537061.35,debit
2025-09-14,DEBIT - SUPPLIER PMT,-536.07,544681.4,debit
2025-09-14,ETISALAT BILL,-4303.6,540377.8,debit
2025-09-14,INWARD - GULF SOURCING LLC,9530.16,534430.79,credit
2025-09-14,POS SETTLEMENT,6243.28,524900.63,credit
2025-09-14,POS SETTLEMENT,10786.68,545217.47,credit
2025-09-15,INWARD - GULF SOURCING LLC,7696.82,540441.24,credit
2025-09-15,INWARD - GULF SOURCING LLC,9977.96,550419.2,credit
2025-09-15,CHEQUE DEPOSIT 1234,10087.29,560506.49,credit
2025-09-15,DEBIT - SUPPLIER PMT,-1504.7,559001.79,debit
2025-09-15,FUEL CARD - ENOC,-2270.93,556730.86,debit
2025-09-15,FUEL CARD - ENOC,-2136.88,554593.98,debit
2025-09-16,POS PURCHASE - CARREFOUR,-2387.01,562291.17,debit
2025-09-16,FUEL CARD - ENOC,-1316.92,564678.18,debit
2025-09-16,DEBIT - SUPPLIER PMT,-2794.58,559496.59,debit
2025-09-16,CHEQUE DEPOSIT 1234,7862.35,566848.91,credit
2025-09-16,INWARD TT NASEEM CUSTOMER PMT,4392.58,558986.56,credit
2025-09-16,ATM WITHDRAWAL DUBAI,-853.81,565995.1,debit
2025-09-17,TRF FROM AL FAJR TRADING,2747.52,562244.11,credit
2025-09-17,INWARD TT - HASSAN GENERAL TR,10290.57,572534.68,credit
2025-09-17,CHEQUE DEPOSIT 1234,11679.01,584213.69,credit
2025-09-17,ATM WITHDRAWAL DUBAI,-2602.62,581611.07,debit
2025-09-17,POS PURCHASE - CARREFOUR,-2959.49,578651.58,debit
2025-09-18,POS SETTLEMENT,4142.8,582794.38,credit
2025-09-18,DEWA BILL,-3762.13,579032.25,debit
2025-09-18,DEBIT - SUPPLIER PMT,-3086.42,575945.83,debit
2025-09-19,POS PURCHASE - CARREFOUR,-3985.1,580040.39,debit
2025-09-19,FUEL CARD - ENOC,-2756.47,584025.49,debit
2025-09-19,TRF FROM AL FAJR TRADING,10836.13,586781.96,credit
2025-09-20,INWARD TT NASEEM CUSTOMER PMT,11088.01,591128.4,credit
2025-09-20,DEPOSIT - CASH,10377.1,601505.5,credit
2025-09-20,POS PURCHASE - CARREFOUR,-3079.56,598425.94,debit
2025-09-20,POS PURCHASE - CARREFOUR,-2434.11,595991.83,debit
2025-09-20,WIRE OUT - LIWA TRADING SUPPLIER,-34704.14,561287.69,debit
2025-09-21,TRF FROM AL FAJR TRADING,10577.15,571864.84,credit
2025-09-21,DEBIT - SUPPLIER PMT,-2287.98,569576.86,debit
2025-09-21,BANK CHARGES,-807.52,568769.34,debit
2025-09-21,BANK CHARGES,-2472.25,566297.09,debit
2025-09-22,ETISALAT BILL,-1720.81,585464.7,debit
2025-09-22,DEBIT - SUPPLIER PMT,-4001.25,587185.51,debit
2025-09-22,POS PURCHASE - CARREFOUR,-1289.53,591186.76,debit
2025-09-22,INWARD TT - HASSAN GENERAL TR,11597.34,581518.31,credit
2025-09-22,INWARD TT - HASSAN GENERAL TR,3623.88,569920.97,credit
2025-09-22,DEPOSIT - CASH,10957.98,592476.29,credit
2025-09-23,INWARD - GULF SOURCING LLC,5882.25,591346.95,credit
2025-09-23,INWARD - GULF SOURCING LLC,12240.22,603587.17,credit
2025-09-23,FUEL CARD - ENOC,-4066.78,599520.39,debit
2025-09-23,BANK CHARGES,-3798.09,595722.3,debit
2025-09-24,INWARD TT NASEEM CUSTOMER PMT,12360.02,608082.32,credit
2025-09-24,BANK CHARGES,-1076.94,607005.38,debit
2025-09-24,BANK CHARGES,-2620.11,604385.27,debit
2025-09-25,BANK CHARGES,-1889.51,632086.16,debit
2025-09-25,ATM WITHDRAWAL DUBAI,-2376.68,633975.67,debit
2025-09-25,BANK CHARGES,-1459.3,636352.35,debit
2025-09-25,CHEQUE DEPOSIT 1234,13181.16,629910.56,credit
2025-09-25,POS SETTLEMENT,12344.13,616729.4,credit
2025-09-25,INWARD TT - HASSAN GENERAL TR,7901.09,637811.65,credit
2025-09-26,INWARD - GULF SOURCING LLC,12885.15,644971.31,credit
2025-09-26,INWARD - GULF SOURCING LLC,11052.22,656023.53,credit
2025-09-26,DEBIT - SUPPLIER PMT,-1036.95,654986.58,debit
2025-09-26,DEWA BILL,-4323.73,650662.85,debit
2025-09-26,FUEL CARD - ENOC,-1630.28,649032.57,debit
2025-09-27,FUEL CARD - ENOC,-2692.37,659709.71,debit
2025-09-27,FUEL CARD - ENOC,-1153.68,662402.08,debit
2025-09-27,INWARD TT NASEEM CUSTOMER PMT,10179.77,665760.09,credit
2025-09-27,POS SETTLEMENT,6547.75,655580.32,credit
2025-09-27,DEWA BILL,-2204.33,663555.76,debit
2025-09-28,SALARY TRF EMP01 ALNASEEM,-5202.75,652413.19,debit
2025-09-28,CHEQUE DEPOSIT 1234,7469.56,667179.27,credit
2025-09-28,CHEQUE DEPOSIT 1234,8515.65,675694.92,credit
2025-09-28,DEBIT - SUPPLIER PMT,-1407.64,674287.28,debit
2025-09-28,FUEL CARD - ENOC,-4074.53,670212.75,debit
2025-09-28,ETISALAT BILL,-2133.7,668079.05,debit
2025-09-28,SALARY TRF EMP00 ALNASEEM,-10463.11,657615.94,debit
2025-09-28,SALARY TRF EMP02 ALNASEEM,-4986.91,647426.28,debit
2025-09-28,SALARY TRF EMP03 ALNASEEM,-6573.69,640852.59,debit
2025-09-28,SALARY TRF EMP04 ALNASEEM,-7412.43,633440.16,debit
2025-09-28,SALARY TRF EMP05 ALNASEEM,-5215.41,628224.75,debit
2025-09-28,SALARY TRF EMP06 ALNASEEM,-9700.51,618524.24,debit
2025-09-28,SALARY TRF EMP07 ALNASEEM,-4660.26,613863.98,debit
2025-09-29,POS PURCHASE - CARREFOUR,-1035.01,627599.19,debit
2025-09-29,POS PURCHASE - CARREFOUR,-3289.95,630891.17,debit
2025-09-29,ATM WITHDRAWAL DUBAI,-4265.4,634181.12,debit
2025-09-29,DEBIT - SUPPLIER PMT,-2256.97,628634.2,debit
2025-09-29,INWARD - GULF SOURCING LLC,8022.05,630186.48,credit
2025-09-29,INWARD TT NASEEM CUSTOMER PMT,8300.45,622164.43,credit
2025-09-29,DEPOSIT - CASH,8260.04,638446.52,credit
2025-09-30,INWARD TT - HASSAN GENERAL TR,10623.91,638223.1,credit
2025-09-30,DEPOSIT - CASH,3964.54,642187.64,credit
2025-09-30,BANK CHARGES,-2446.63,639741.01,debit
2025-09-30,DEWA BILL,-989.23,638751.78,debit
2025-09-30,DEBIT - SUPPLIER PMT,-2081.31,636670.47,debit
2025-09-30,FUEL CARD - ENOC,-2157.54,634512.93,debit
2025-10-01,FUEL CARD - ENOC,-1662.19,630936.01,debit
2025-10-01,ATM WITHDRAWAL DUBAI,-4311.44,632598.2,debit
2025-10-01,DEWA BILL,-3652.72,636909.64,debit
2025-10-01,POS SETTLEMENT,5213.94,644015.68,credit
2025-10-01,POS SETTLEMENT,4288.81,638801.74,credit
2025-10-01,FUEL CARD - ENOC,-3453.32,640562.36,debit
2025-10-02,DEBIT - SUPPLIER PMT,-2762.96,649101.84,debit
2025-10-02,DEPOSIT - CASH,10124.74,641060.75,credit
2025-10-02,CHEQUE DEPOSIT 1234,5803.21,646863.96,credit
2025-10-02,INWARD TT NASEEM CUSTOMER PMT,9885.57,656749.53,credit
2025-10-02,DEWA BILL,-2076.81,654672.72,debit
2025-10-02,ETISALAT BILL,-2807.92,651864.8,debit
2025-10-02,DEBIT - SUPPLIER PMT,-908.63,648193.21,debit
2025-10-03,BANK CHARGES,-2649.97,653488.33,debit
2025-10-03,DEBIT - SUPPLIER PMT,-2986.91,656138.3,debit
2025-10-03,POS PURCHASE - CARREFOUR,-3590.49,659125.21,debit
2025-10-03,CHEQUE DEPOSIT 1234,8637.01,662715.7,credit
2025-10-03,POS SETTLEMENT,5885.48,654078.69,credit
2025-10-04,TRF FROM AL FAJR TRADING,10984.55,664472.88,credit
2025-10-04,POS SETTLEMENT,10850.99,675323.87,credit
2025-10-04,ATM WITHDRAWAL DUBAI,-2493.44,672830.43,debit
2025-10-04,POS PURCHASE - CARREFOUR,-3973.58,668856.85,debit
2025-10-05,DEWA BILL,-2741.78,669368.48,debit
2025-10-05,POS PURCHASE - CARREFOUR,-814.2,672110.26,debit
2025-10-05,STANDING ORDER - AL HABTOOR REAL ESTATE RENT,-35000.0,634368.48,debit
2025-10-05,DEPOSIT - CASH,4903.3,673760.15,credit
2025-10-05,BANK CHARGES,-835.69,672924.46,debit
2025-10-06,DEPOSIT - CASH,10452.92,644821.4,credit
2025-10-06,DEWA BILL,-2099.76,642721.64,debit
2025-10-06,BANK CHARGES,-2858.7,639862.94,debit
2025-10-07,INWARD TT - HASSAN GENERAL TR,3919.23,643782.17,credit
2025-10-07,INWARD TT NASEEM CUSTOMER PMT,10616.77,654398.94,credit
2025-10-07,DEWA BILL,-3562.58,650836.36,debit
2025-10-07,FUEL CARD - ENOC,-810.38,650025.98,debit
2025-10-07,ETISALAT BILL,-3340.92,646685.06,debit
2025-10-07,DEWA BILL,-3851.48,642833.58,debit
2025-10-08,ETISALAT BILL,-2614.57,641120.03,debit
2025-10-08,ETISALAT BILL,-1852.67,643734.6,debit
2025-10-08,ETISALAT BILL,-2317.67,647658.43,debit
2025-10-08,INWARD - GULF SOURCING LLC,7142.52,649976.1,credit
2025-10-08,POS PURCHASE - CARREFOUR,-2071.16,645587.27,debit
2025-10-09,TRF FROM AL FAJR TRADING,2090.5,643210.53,credit
2025-10-09,INWARD - GULF SOURCING LLC,8460.2,651670.73,credit
2025-10-09,INWARD TT - HASSAN GENERAL TR,9367.34,661038.07,credit
2025-10-09,POS PURCHASE - CARREFOUR,-1948.34,659089.73,debit
2025-10-09,DEWA BILL,-791.47,658298.26,debit
2025-10-10,FUEL CARD - ENOC,-1993.43,665225.19,debit
2025-10-10,BANK CHARGES,-3387.37,661837.82,debit
2025-10-10,DEPOSIT - CASH,3691.44,668302.85,credit
2025-10-10,INWARD TT - HASSAN GENERAL TR,6313.15,664611.41,credit
2025-10-10,FUEL CARD - ENOC,-1084.23,667218.62,debit
2025-10-11,FUEL CARD - ENOC,-1570.9,669431.77,debit
2025-10-11,INWARD - GULF SOURCING LLC,4095.57,665933.39,credit
2025-10-11,POS SETTLEMENT,9151.85,675085.24,credit
2025-10-11,FUEL CARD - ENOC,-1694.53,673390.71,debit
2025-10-11,BANK CHARGES,-2388.04,671002.67,debit
2025-10-11,POS PURCHASE - CARREFOUR,-3141.87,666289.9,debit
2025-10-12,ETISALAT BILL,-3578.8,668304.87,debit
2025-10-12,INWARD TT - HASSAN GENERAL TR,5593.77,671883.67,credit
2025-10-12,DEBIT - SUPPLIER PMT,-2280.91,666023.96,debit
2025-10-13,POS PURCHASE - CARREFOUR,-4020.35,673187.46,debit
2025-10-13,DEBIT - SUPPLIER PMT,-2649.23,670538.23,debit
2025-10-13,BANK CHARGES,-4461.52,677207.81,debit
2025-10-13,CHEQUE DEPOSIT 1234,7086.08,684388.56,credit
2025-10-13,BANK CHARGES,-2719.23,681669.33,debit
2025-10-13,DEPOSIT - CASH,2833.17,677302.48,credit
2025-10-13,INWARD TT - HASSAN GENERAL TR,8445.35,674469.31,credit
2025-10-14,INWARD - GULF SOURCING LLC,6607.32,677145.55,credit
2025-10-14,ATM WITHDRAWAL DUBAI,-855.2,676290.35,debit
2025-10-14,DEWA BILL,-1705.24,674585.11,debit
2025-10-15,FUEL CARD - ENOC,-4116.98,668612.81,debit
2025-10-15,ATM WITHDRAWAL DUBAI,-4113.5,676995.23,debit
2025-10-15,BANK CHARGES,-4265.44,672729.79,debit
2025-10-15,DEPOSIT - CASH,7862.34,682447.45,credit
2025-10-15,FUEL CARD - ENOC,-1338.72,681108.73,debit
2025-10-16,INWARD TT NASEEM CUSTOMER PMT,2705.02,671317.83,credit
2025-10-16,INWARD TT NASEEM CUSTOMER PMT,7826.42,679144.25,credit
2025-10-16,DEBIT - SUPPLIER PMT,-2857.94,676286.31,debit
2025-10-16,DEBIT - SUPPLIER PMT,-2318.2,673968.11,debit
2025-10-16,DEWA BILL,-2022.99,671945.12,debit
2025-10-16,DEWA BILL,-2223.22,669721.9,debit
2025-10-17,DEWA BILL,-1356.41,682987.0,debit
2025-10-17,POS PURCHASE - CARREFOUR,-2964.61,684343.41,debit
2025-10-17,DEWA BILL,-743.92,682243.08,debit
2025-10-17,INWARD TT - HASSAN GENERAL TR,8152.75,677874.65,credit
2025-10-17,INWARD - GULF SOURCING LLC,9433.37,687308.02,credit
2025-10-18,DEPOSIT - CASH,8174.52,690417.6,credit
2025-10-18,FUEL CARD - ENOC,-2739.76,687677.84,debit
2025-10-18,DEBIT - SUPPLIER PMT,-946.29,686731.55,debit
2025-10-18,ETISALAT BILL,-1563.22,685168.33,debit
2025-10-18,BANK CHARGES,-2323.04,682845.29,debit
2025-10-19,ATM WITHDRAWAL DUBAI,-567.52,702751.62,debit
2025-10-19,POS PURCHASE - CARREFOUR,-523.85,706959.53,debit
2025-10-19,FUEL CARD - ENOC,-3640.39,703319.14,debit
2025-10-19,CHEQUE DEPOSIT 1234,10305.18,703089.54,credit
2025-10-19,INWARD - GULF SOURCING LLC,9939.07,692784.36,credit
2025-10-19,INWARD TT - HASSAN GENERAL TR,4393.84,707483.38,credit
2025-10-20,INWARD - GULF SOURCING LLC,11302.08,714053.7,credit
2025-10-20,TRF FROM AL FAJR TRADING,3256.15,717309.85,credit
2025-10-20,DEBIT - SUPPLIER PMT,-3715.01,713594.84,debit
2025-10-20,BANK CHARGES,-4444.34,709150.5,debit
2025-10-20,ATM WITHDRAWAL DUBAI,-2819.49,706331.01,debit
2025-10-20,ATM WITHDRAWAL DUBAI,-2459.45,703871.56,debit
2025-10-20,WIRE OUT - LIWA TRADING SUPPLIER,-32358.86,671512.7,debit
2025-10-21,ATM WITHDRAWAL DUBAI,-4113.68,684162.74,debit
2025-10-21,DEBIT - SUPPLIER PMT,-2847.56,681315.18,debit
2025-10-21,FUEL CARD - ENOC,-2832.97,688276.42,debit
2025-10-21,BANK CHARGES,-4050.7,691109.39,debit
2025-10-21,CHEQUE DEPOSIT 1234,3727.84,695160.09,credit
2025-10-21,POS SETTLEMENT,9904.6,691432.25,credit
2025-10-21,INWARD - GULF SOURCING LLC,10014.95,681527.65,credit
2025-10-22,INWARD TT NASEEM CUSTOMER PMT,9004.41,690319.59,credit
2025-10-22,DEPOSIT - CASH,5768.34,696087.93,credit
2025-10-22,DEBIT - SUPPLIER PMT,-4399.8,691688.13,debit
2025-10-22,BANK CHARGES,-4110.63,687577.5,debit
2025-10-22,DEWA BILL,-3734.33,683843.17,debit
2025-10-23,DEWA BILL,-941.98,686727.67,debit
2025-10-23,FUEL CARD - ENOC,-3806.42,687669.65,debit
2025-10-23,FUEL CARD - ENOC,-3191.56,691476.07,debit
2025-10-23,INWARD TT NASEEM CUSTOMER PMT,10824.46,694667.63,credit
2025-10-24,POS SETTLEMENT,9507.35,696235.02,credit
2025-10-24,INWARD - GULF SOURCING LLC,7936.09,704171.11,credit
2025-10-24,BANK CHARGES,-2690.24,701480.87,debit
2025-10-24,POS PURCHASE - CARREFOUR,-3672.75,697808.12,debit
2025-10-24,FUEL CARD - ENOC,-642.88,697165.24,debit
2025-10-24,ATM WITHDRAWAL DUBAI,-2288.56,694876.68,debit
2025-10-25,BANK CHARGES,-705.42,706129.89,debit
2025-10-25,ETISALAT BILL,-3105.97,706835.31,debit
2025-10-25,ATM WITHDRAWAL DUBAI,-4046.18,709941.28,debit
2025-10-25,INWARD - GULF SOURCING LLC,11424.61,715289.64,credit
2025-10-25,INWARD TT NASEEM CUSTOMER PMT,8988.35,703865.03,credit
2025-10-25,POS PURCHASE - CARREFOUR,-1302.18,713987.46,debit
2025-10-26,INWARD - GULF SOURCING LLC,9022.91,715152.8,credit
2025-10-26,INWARD TT - HASSAN GENERAL TR,2389.05,717541.85,credit
2025-10-26,DEWA BILL,-3177.8,714364.05,debit
2025-10-26,ATM WITHDRAWAL DUBAI,-4350.57,710013.48,debit
2025-10-26,POS PURCHASE - CARREFOUR,-4168.82,705844.66,debit
2025-10-27,BANK CHARGES,-3882.12,713745.79,debit
2025-10-27,ETISALAT BILL,-3161.55,710053.3,debit
2025-10-27,ATM WITHDRAWAL DUBAI,-530.94,713214.85,debit
2025-10-27,INWARD - GULF SOURCING LLC,9453.67,717627.91,credit
2025-10-27,TRF FROM AL FAJR TRADING,2329.58,708174.24,credit
2025-10-28,INWARD TT - HASSAN GENERAL TR,11116.33,721169.63,credit
2025-10-28,INWARD TT NASEEM CUSTOMER PMT,6006.75,727176.38,credit
2025-10-28,FUEL CARD - ENOC,-4310.27,722866.11,debit
2025-10-28,DEBIT - SUPPLIER PMT,-2646.73,720219.38,debit
2025-10-28,ATM WITHDRAWAL DUBAI,-2945.89,717273.49,debit
2025-10-29,TRF FROM AL FAJR TRADING,9362.63,673916.42,credit
2025-10-29,DEBIT - SUPPLIER PMT,-1532.47,672383.95,debit
2025-10-29,POS SETTLEMENT,10566.43,664553.79,credit
2025-10-29,POS PURCHASE - CARREFOUR,-3722.47,668661.48,debit
2025-10-30,FUEL CARD - ENOC,-2781.63,692532.11,debit
2025-10-30,ETISALAT BILL,-1798.45,695313.74,debit
2025-10-30,CHEQUE DEPOSIT 1234,10050.28,697112.19,credit
2025-10-30,DEPOSIT - CASH,8438.92,687061.91,credit
2025-10-30,DEPOSIT - CASH,9961.51,678622.99,credit
2025-10-31,CHEQUE DEPOSIT 1234,10239.26,702771.37,credit
2025-10-31,INWARD TT NASEEM CUSTOMER PMT,2728.35,705499.72,credit
2025-10-31,INWARD TT - HASSAN GENERAL TR,10529.99,716029.71,credit
2025-10-31,ATM WITHDRAWAL DUBAI,-4231.3,711798.41,debit
2025-10-31,FUEL CARD - ENOC,-3854.86,707943.55,debit
2025-11-01,DEBIT - SUPPLIER PMT,-3272.88,731423.79,debit
2025-11-01,DEBIT - SUPPLIER PMT,-839.03,734696.67,debit
2025-11-01,DEPOSIT - CASH,11393.02,735535.7,credit
2025-11-01,INWARD - GULF SOURCING LLC,10970.26,724142.68,credit
2025-11-01,INWARD - GULF SOURCING LLC,5228.87,713172.42,credit
2025-11-02,INWARD TT - HASSAN GENERAL TR,5404.1,736827.89,credit
2025-11-02,ETISALAT BILL,-3827.64,733000.25,debit
2025-11-02,POS PURCHASE - CARREFOUR,-2311.78,730688.47,debit
2025-11-02,ATM WITHDRAWAL DUBAI,-2736.77,727951.7,debit
2025-11-02,ATM WITHDRAWAL DUBAI,-3014.83,724936.87,debit
2025-11-03,ATM WITHDRAWAL DUBAI,-1450.99,720063.58,debit
2025-11-03,DEWA BILL,-3382.46,721514.57,debit
2025-11-03,ETISALAT BILL,-2190.24,724897.03,debit
2025-11-03,ETISALAT BILL,-2970.46,727087.27,debit
2025-11-03,INWARD TT - HASSAN GENERAL TR,5120.86,730057.73,credit
2025-11-04,POS SETTLEMENT,11389.92,731453.5,credit
2025-11-04,INWARD TT NASEEM CUSTOMER PMT,10302.09,741755.59,credit
2025-11-04,DEWA BILL,-1670.01,740085.58,debit
2025-11-04,DEBIT - SUPPLIER PMT,-1606.34,738479.24,debit
2025-11-05,STANDING ORDER - AL HABTOOR REAL ESTATE RENT,-35000.0,709932.97,debit
2025-11-05,BANK CHARGES,-3756.21,744932.97,debit
2025-11-05,ATM WITHDRAWAL DUBAI,-515.08,748689.18,debit
2025-11-05,DEWA BILL,-652.41,749204.26,debit
2025-11-05,BANK CHARGES,-1945.12,749856.67,debit
2025-11-05,INWARD - GULF SOURCING LLC,4647.93,751801.79,credit
2025-11-05,INWARD TT - HASSAN GENERAL TR,4760.42,747153.86,credit
2025-11-05,CHEQUE DEPOSIT 1234,3914.2,742393.44,credit
2025-11-06,ETISALAT BILL,-825.39,726208.78,debit
2025-11-06,TRF FROM AL FAJR TRADING,11474.33,729696.15,credit
2025-11-06,INWARD TT NASEEM CUSTOMER PMT,8288.85,718221.82,credit
2025-11-06,SALARY TRF EMP07 ALNASEEM,-9045.64,653987.36,debit
2025-11-06,SALARY TRF EMP06 ALNASEEM,-10282.87,663033.0,debit
2025-11-06,ETISALAT BILL,-2661.98,727034.17,debit
2025-11-06,SALARY TRF EMP04 ALNASEEM,-9205.97,683933.13,debit
2025-11-06,SALARY TRF EMP00 ALNASEEM,-4942.33,712331.16,debit
2025-11-06,SALARY TRF EMP01 ALNASEEM,-5247.15,707084.01,debit
2025-11-06,SALARY TRF EMP05 ALNASEEM,-10617.26,673315.87,debit
2025-11-06,SALARY TRF EMP03 ALNASEEM,-8988.32,693139.1,debit
2025-11-06,SALARY TRF EMP02 ALNASEEM,-4956.59,702127.42,debit
2025-11-07,INWARD TT NASEEM CUSTOMER PMT,3261.94,729470.72,credit
2025-11-07,POS SETTLEMENT,9395.49,738866.21,credit
2025-11-07,ETISALAT BILL,-1756.18,737110.03,debit
2025-11-07,ATM WITHDRAWAL DUBAI,-1470.25,735639.78,debit
2025-11-07,ETISALAT BILL,-4452.58,731187.2,debit
2025-11-07,ATM WITHDRAWAL DUBAI,-2604.06,728583.14,debit
2025-11-08,ATM WITHDRAWAL DUBAI,-1622.45,738881.16,debit
2025-11-08,ATM WITHDRAWAL DUBAI,-1865.79,737015.37,debit
2025-11-08,CHEQUE DEPOSIT 1234,7289.49,735872.63,credit
2025-11-08,INWARD TT NASEEM CUSTOMER PMT,4630.98,740503.61,credit
2025-11-09,DEPOSIT - CASH,6885.69,743901.06,credit
2025-11-09,DEPOSIT - CASH,2468.43,746369.49,credit
2025-11-09,DEPOSIT - CASH,6650.06,753019.55,credit
2025-11-09,ETISALAT BILL,-3030.8,749988.75,debit
2025-11-09,FUEL CARD - ENOC,-2810.78,747177.97,debit
2025-11-09,BANK CHARGES,-1915.56,745262.41,debit
2025-11-10,BANK CHARGES,-4329.4,752250.74,debit
2025-11-10,POS PURCHASE - CARREFOUR,-1328.87,750921.87,debit
2025-11-10,FUEL CARD - ENOC,-3638.44,747283.43,debit
2025-11-10,ATM WITHDRAWAL DUBAI,-1186.07,756580.14,debit
2025-11-10,DEPOSIT - CASH,4656.2,749918.61,credit
2025-11-10,POS SETTLEMENT,7847.6,757766.21,credit
2025-11-11,INWARD TT - HASSAN GENERAL TR,7580.06,754863.49,credit
2025-11-11,INWARD TT NASEEM CUSTOMER PMT,2990.45,757853.94,credit
2025-11-11,DEWA BILL,-1529.26,756324.68,debit
2025-11-11,BANK CHARGES,-3107.0,753217.68,debit
2025-11-12,INWARD - GULF SOURCING LLC,7147.39,760365.07,credit
2025-11-12,FUEL CARD - ENOC,-2675.63,757689.44,debit
2025-11-12,ATM WITHDRAWAL DUBAI,-3950.12,753739.32,debit
2025-11-13,BANK CHARGES,-1728.56,760441.71,debit
2025-11-13,ETISALAT BILL,-1393.11,762170.27,debit
2025-11-13,DEBIT - SUPPLIER PMT,-3270.51,763563.38,debit
2025-11-13,INWARD TT - HASSAN GENERAL TR,9341.34,767496.17,credit
2025-11-13,DEPOSIT - CASH,2318.93,758154.83,credit
2025-11-13,TRF FROM AL FAJR TRADING,2096.58,755835.9,credit
2025-11-13,DEWA BILL,-662.28,766833.89,debit
2025-11-14,BANK CHARGES,-2214.36,762608.11,debit
2025-11-14,POS SETTLEMENT,7217.95,767659.66,credit
2025-11-14,DEPOSIT - CASH,6276.64,773936.3,credit
2025-11-14,ATM WITHDRAWAL DUBAI,-3148.13,770788.17,debit
2025-11-14,BANK CHARGES,-2721.1,768067.07,debit
2025-11-14,POS PURCHASE - CARREFOUR,-3244.6,764822.47,debit
2025-11-15,DEWA BILL,-4309.66,773545.97,debit
2025-11-15,DEBIT - SUPPLIER PMT,-4422.65,769123.32,debit
2025-11-15,INWARD - GULF SOURCING LLC,4008.91,766617.02,credit
2025-11-15,INWARD TT NASEEM CUSTOMER PMT,11238.61,777855.63,credit
2025-11-16,ATM WITHDRAWAL DUBAI,-3146.44,776384.97,debit
2025-11-16,POS PURCHASE - CARREFOUR,-1470.36,779531.41,debit
2025-11-16,POS SETTLEMENT,7860.42,781001.77,credit
2025-11-16,POS SETTLEMENT,4018.03,773141.35,credit
2025-11-17,CHEQUE DEPOSIT 1234,5554.42,781939.39,credit
2025-11-17,BANK CHARGES,-3237.66,778701.73,debit
2025-11-17,DEWA BILL,-1873.98,776827.75,debit
2025-11-17,ATM WITHDRAWAL DUBAI,-3844.82,772982.93,debit
2025-11-17,BANK CHARGES,-2246.59,770736.34,debit
2025-11-18,DEBIT - SUPPLIER PMT,-3964.2,785805.61,debit
2025-11-18,BANK CHARGES,-2610.68,783194.93,debit
2025-11-18,CHEQUE DEPOSIT 1234,7866.38,778602.72,credit
2025-11-18,INWARD TT NASEEM CUSTOMER PMT,11167.09,789769.81,credit
2025-11-19,CHEQUE DEPOSIT 1234,9420.43,792615.36,credit
2025-11-19,INWARD TT - HASSAN GENERAL TR,4594.54,797209.9,credit
2025-11-19,INWARD - GULF SOURCING LLC,6840.14,804050.04,credit
2025-11-19,BANK CHARGES,-1525.11,802524.93,debit
2025-11-19,ATM WITHDRAWAL DUBAI,-746.06,801778.87,debit
2025-11-19,ETISALAT BILL,-1269.54,800509.33,debit
2025-11-19,BANK CHARGES,-2301.96,798207.37,debit
2025-11-20,WIRE OUT - LIWA TRADING SUPPLIER,-53223.56,750480.86,debit
2025-11-20,WIRE OUT - LIWA TRADING SUPPLIER,-31667.94,718812.92,debit
2025-11-20,DEWA BILL,-737.76,803704.42,debit
2025-11-20,BANK CHARGES,-1134.95,804442.18,debit
2025-11-20,POS PURCHASE - CARREFOUR,-933.65,810017.8,debit
2025-11-20,TRF FROM AL FAJR TRADING,9618.68,810951.45,credit
2025-11-20,POS SETTLEMENT,3125.4,801332.77,credit
2025-11-20,DEBIT - SUPPLIER PMT,-4440.67,805577.13,debit
2025-11-21,INWARD - GULF SOURCING LLC,8034.61,726847.53,credit
2025-11-21,INWARD - GULF SOURCING LLC,7097.28,733944.81,credit
2025-11-21,CHEQUE DEPOSIT 1234,10002.77,743947.58,credit
2025-11-21,ETISALAT BILL,-1507.92,742439.66,debit
2025-11-21,BANK CHARGES,-1469.91,740969.75,debit
2025-11-22,DEBIT - SUPPLIER PMT,-1186.06,748056.58,debit
2025-11-22,DEBIT - SUPPLIER PMT,-657.36,747399.22,debit
2025-11-22,DEPOSIT - CASH,2609.1,749242.64,credit
2025-11-22,POS SETTLEMENT,5663.79,746633.54,credit
2025-11-23,INWARD TT - HASSAN GENERAL TR,7471.89,754871.11,credit
2025-11-23,ATM WITHDRAWAL DUBAI,-4344.51,750526.6,debit
2025-11-23,ETISALAT BILL,-2944.51,747582.09,debit
2025-11-23,ATM WITHDRAWAL DUBAI,-2835.84,744746.25,debit
2025-11-23,ATM WITHDRAWAL DUBAI,-4349.36,740396.89,debit
2025-11-24,TRF FROM AL FAJR TRADING,5848.3,746245.19,credit
2025-11-24,FUEL CARD - ENOC,-3602.58,742642.61,debit
2025-11-24,BANK CHARGES,-792.01,741850.6,debit
2025-11-24,BANK CHARGES,-2861.75,738988.85,debit
2025-11-25,DEBIT - SUPPLIER PMT,-3679.12,744595.76,debit
2025-11-25,POS PURCHASE - CARREFOUR,-3804.95,748274.88,debit
2025-11-25,POS SETTLEMENT,5495.2,744484.05,credit
2025-11-25,INWARD TT - HASSAN GENERAL TR,7595.78,752079.83,credit
2025-11-26,INWARD TT - HASSAN GENERAL TR,7058.88,751654.64,credit
2025-11-26,POS PURCHASE - CARREFOUR,-3655.35,747999.29,debit
2025-11-26,ATM WITHDRAWAL DUBAI,-4144.77,743854.52,debit
2025-11-26,ATM WITHDRAWAL DUBAI,-2037.44,741817.08,debit
2025-11-26,DEBIT - SUPPLIER PMT,-2733.38,739083.7,debit
2025-11-27,DEWA BILL,-969.47,753433.9,debit
2025-11-27,POS SETTLEMENT,7266.68,746350.38,credit
2025-11-27,INWARD TT NASEEM CUSTOMER PMT,8052.99,754403.37,credit
2025-11-27,DEWA BILL,-3507.61,749926.29,debit
2025-11-27,DEWA BILL,-1381.81,748544.48,debit
2025-11-27,ATM WITHDRAWAL DUBAI,-3409.58,745134.9,debit
2025-11-28,SALARY TRF EMP06 ALNASEEM,-6366.19,695472.87,debit
2025-11-28,SALARY TRF EMP05 ALNASEEM,-5820.75,701839.06,debit
2025-11-28,SALARY TRF EMP04 ALNASEEM,-4707.85,707659.81,debit
2025-11-28,SALARY TRF EMP07 ALNASEEM,-7819.4,687653.47,debit
2025-11-28,SALARY TRF EMP02 ALNASEEM,-6284.5,722625.31,debit
2025-11-28,SALARY TRF EMP03 ALNASEEM,-10257.65,712367.66,debit
2025-11-28,SALARY TRF EMP00 ALNASEEM,-10047.27,735307.21,debit
2025-11-28,ETISALAT BILL,-3152.58,745354.48,debit
2025-11-28,POS PURCHASE - CARREFOUR,-3161.01,748507.06,debit
2025-11-28,TRF FROM AL FAJR TRADING,6533.17,751668.07,credit
2025-11-28,SALARY TRF EMP01 ALNASEEM,-6397.4,728909.81,debit
2025-11-29,DEWA BILL,-1707.91,689265.14,debit
2025-11-29,TRF FROM AL FAJR TRADING,2897.54,690551.01,credit
2025-11-29,INWARD - GULF SOURCING LLC,7453.44,698004.45,credit
2025-11-29,ATM WITHDRAWAL DUBAI,-4325.3,693679.15,debit
2025-11-29,BANK CHARGES,-2706.1,690973.05,debit
2025-11-29,DEWA BILL,-2262.43,687002.71,debit
2025-11-30,INWARD TT - HASSAN GENERAL TR,6297.47,693300.18,credit
2025-11-30,BANK CHARGES,-2292.76,691007.42,debit
2025-11-30,BANK CHARGES,-3630.76,687376.66,debit
2025-11-30,BANK CHARGES,-1091.32,686285.34,debit
2025-11-30,ETISALAT BILL,-2963.39,683321.95,debit
2025-12-01,DEWA BILL,-4207.15,692427.81,debit
2025-12-01,ETISALAT BILL,-1661.51,690766.3,debit
2025-12-01,DEBIT - SUPPLIER PMT,-2874.37,696634.96,debit
2025-12-01,FUEL CARD - ENOC,-2804.96,687961.34,debit
2025-12-01,TRF FROM AL FAJR TRADING,6296.09,694592.88,credit
2025-12-01,INWARD TT - HASSAN GENERAL TR,4974.84,688296.79,credit
2025-12-01,DEPOSIT - CASH,4916.45,699509.33,credit
2025-12-02,FUEL CARD - ENOC,-3980.52,688780.77,debit
2025-12-02,FUEL CARD - ENOC,-1647.3,692761.29,debit
2025-12-02,BANK CHARGES,-3756.81,694408.59,debit
2025-12-02,POS SETTLEMENT,10204.06,698165.4,credit
2025-12-03,INWARD TT NASEEM CUSTOMER PMT,9532.96,698313.73,credit
2025-12-03,INWARD TT NASEEM CUSTOMER PMT,10204.69,708518.42,credit
2025-12-03,TRF FROM AL FAJR TRADING,3958.4,712476.82,credit
2025-12-03,ETISALAT BILL,-2577.89,709898.93,debit
2025-12-03,FUEL CARD - ENOC,-2884.0,707014.93,debit
2025-12-03,ETISALAT BILL,-3219.65,703795.28,debit
2025-12-04,ATM WITHDRAWAL DUBAI,-1230.39,703404.82,debit
2025-12-04,ETISALAT BILL,-3817.05,705643.44,debit
2025-12-04,ATM WITHDRAWAL DUBAI,-1008.23,704635.21,debit
2025-12-04,INWARD TT NASEEM CUSTOMER PMT,6980.06,710775.34,credit
2025-12-04,ATM WITHDRAWAL DUBAI,-1314.85,709460.49,debit
2025-12-05,INWARD TT - HASSAN GENERAL TR,2665.08,706069.9,credit
2025-12-05,INWARD TT - HASSAN GENERAL TR,9622.45,715692.35,credit
2025-12-05,INWARD TT - HASSAN GENERAL TR,6939.12,722631.47,credit
2025-12-05,POS PURCHASE - CARREFOUR,-2918.48,719712.99,debit
2025-12-05,BANK CHARGES,-667.68,719045.31,debit
2025-12-05,DEWA BILL,-2026.44,717018.87,debit
2025-12-05,BANK CHARGES,-3318.58,713700.29,debit
2025-12-05,STANDING ORDER - AL HABTOOR REAL ESTATE RENT,-35000.0,678700.29,debit
2025-12-06,POS PURCHASE - CARREFOUR,-2110.04,690376.52,debit
2025-12-06,ATM WITHDRAWAL DUBAI,-1427.51,688949.01,debit
2025-12-06,DEPOSIT - CASH,3041.47,692486.56,credit
2025-12-06,INWARD TT - HASSAN GENERAL TR,7939.37,686639.66,credit
2025-12-06,POS SETTLEMENT,2805.43,689445.09,credit
2025-12-07,POS SETTLEMENT,6014.38,694963.39,credit
2025-12-07,TRF FROM AL FAJR TRADING,6857.4,701820.79,credit
2025-12-07,ATM WITHDRAWAL DUBAI,-739.86,701080.93,debit
2025-12-07,DEBIT - SUPPLIER PMT,-1680.2,699400.73,debit
2025-12-07,BANK CHARGES,-4348.46,695052.27,debit
2025-12-07,ETISALAT BILL,-1438.36,693613.91,debit
2025-12-08,DEWA BILL,-1348.12,707823.51,debit
2025-12-08,ETISALAT BILL,-716.96,709171.63,debit
2025-12-08,TRF FROM AL FAJR TRADING,5120.22,698734.13,credit
2025-12-08,CHEQUE DEPOSIT 1234,11154.46,709888.59,credit
2025-12-09,INWARD - GULF SOURCING LLC,9405.67,717229.18,credit
2025-12-09,ETISALAT BILL,-3851.47,713377.71,debit
2025-12-09,ATM WITHDRAWAL DUBAI,-3857.17,709520.54,debit
2025-12-09,POS PURCHASE - CARREFOUR,-3880.34,705640.2,debit
2025-12-10,DEBIT - SUPPLIER PMT,-1480.81,711765.77,debit
2025-12-10,ATM WITHDRAWAL DUBAI,-2790.46,713895.43,debit
2025-12-10,POS PURCHASE - CARREFOUR,-648.85,713246.58,debit
2025-12-10,POS SETTLEMENT,4311.75,709951.95,credit
2025-12-10,INWARD - GULF SOURCING LLC,6733.94,716685.89,credit
2025-12-11,FUEL CARD - ENOC,-4468.41,723565.47,debit
2025-12-11,FUEL CARD - ENOC,-1755.21,728033.88,debit
2025-12-11,CHEQUE DEPOSIT 1234,7221.34,718987.11,credit
2025-12-11,POS SETTLEMENT,10801.98,729789.09,credit
2025-12-12,INWARD - GULF SOURCING LLC,3540.86,727106.33,credit
2025-12-12,ATM WITHDRAWAL DUBAI,-3004.98,724101.35,debit
2025-12-12,BANK CHARGES,-2122.24,721979.11,debit
2025-12-13,CHEQUE DEPOSIT 1234,9589.24,731568.35,credit
2025-12-13,ETISALAT BILL,-3721.66,727846.69,debit
2025-12-13,ATM WITHDRAWAL DUBAI,-2698.97,725147.72,debit
2025-12-13,ATM WITHDRAWAL DUBAI,-2253.17,722894.55,debit
2025-12-14,BANK CHARGES,-984.47,729961.43,debit
2025-12-14,FUEL CARD - ENOC,-2664.65,727296.78,debit
2025-12-14,POS SETTLEMENT,5993.05,728887.6,credit
2025-12-14,INWARD TT NASEEM CUSTOMER PMT,2058.3,730945.9,credit
2025-12-15,ETISALAT BILL,-4372.27,736317.62,debit
2025-12-15,INWARD TT - HASSAN GENERAL TR,9555.09,736851.87,credit
2025-12-15,INWARD TT - HASSAN GENERAL TR,10609.53,747461.4,credit
2025-12-15,ATM WITHDRAWAL DUBAI,-2630.62,744830.78,debit
2025-12-15,BANK CHARGES,-4140.89,740689.89,debit
2025-12-15,ETISALAT BILL,-4402.34,731915.28,debit
2025-12-16,DEPOSIT - CASH,11350.15,752193.02,credit
2025-12-16,DEBIT - SUPPLIER PMT,-2095.57,744677.34,debit
2025-12-16,DEWA BILL,-3731.48,746772.91,debit
2025-12-16,INWARD - GULF SOURCING LLC,8927.59,740842.87,credit
2025-12-16,DEBIT - SUPPLIER PMT,-1688.63,750504.39,debit
2025-12-17,TRF FROM AL FAJR TRADING,6289.56,750966.9,credit
2025-12-17,CHEQUE DEPOSIT 1234,3514.82,754481.72,credit
2025-12-17,POS SETTLEMENT,8929.89,763411.61,credit
2025-12-17,BANK CHARGES,-3221.38,760190.23,debit
2025-12-17,DEBIT - SUPPLIER PMT,-1479.24,758710.99,debit
2025-12-18,DEPOSIT - CASH,6143.12,764854.11,credit
2025-12-18,DEWA BILL,-4219.97,760634.14,debit
2025-12-18,BANK CHARGES,-3541.74,757092.4,debit
2025-12-19,DEWA BILL,-1465.54,776214.03,debit
2025-12-19,INWARD - GULF SOURCING LLC,5959.88,763052.28,credit
2025-12-19,DEPOSIT - CASH,6984.38,770036.66,credit
2025-12-19,TRF FROM AL FAJR TRADING,11429.9,781466.56,credit
2025-12-19,ETISALAT BILL,-2082.23,779384.33,debit
2025-12-19,BANK CHARGES,-1704.76,777679.57,debit
2025-12-19,ATM WITHDRAWAL DUBAI,-2174.41,774039.62,debit
2025-12-20,DEBIT - SUPPLIER PMT,-4048.7,775746.8,debit
2025-12-20,DEBIT - SUPPLIER PMT,-4390.0,779795.5,debit
2025-12-20,WIRE OUT - LIWA TRADING SUPPLIER,-56805.38,718941.42,debit
2025-12-20,CHEQUE DEPOSIT 1234,5606.26,779645.88,credit
2025-12-20,TRF FROM AL FAJR TRADING,4539.62,784185.5,credit
2025-12-21,BANK CHARGES,-3944.38,724592.42,debit
2025-12-21,BANK CHARGES,-2155.53,722436.89,debit
2025-12-21,POS SETTLEMENT,4316.28,723257.7,credit
2025-12-21,INWARD - GULF SOURCING LLC,5279.1,728536.8,credit
2025-12-22,INWARD - GULF SOURCING LLC,11179.48,733616.37,credit
2025-12-22,CHEQUE DEPOSIT 1234,2540.6,736156.97,credit
2025-12-22,INWARD TT NASEEM CUSTOMER PMT,6994.62,743151.59,credit
2025-12-22,DEWA BILL,-1636.1,741515.49,debit
2025-12-22,BANK CHARGES,-1354.76,740160.73,debit
2025-12-22,DEBIT - SUPPLIER PMT,-3922.13,736238.6,debit
2025-12-23,BANK CHARGES,-3715.33,745322.52,debit
2025-12-23,FUEL CARD - ENOC,-2762.81,749037.85,debit
2025-12-23,DEBIT - SUPPLIER PMT,-864.25,751800.66,debit
2025-12-23,BANK CHARGES,-2425.85,752664.91,debit
2025-12-23,CHEQUE DEPOSIT 1234,10476.79,755090.76,credit
2025-12-23,TRF FROM AL FAJR TRADING,2484.92,744613.97,credit
2025-12-23,TRF FROM AL FAJR TRADING,5890.45,742129.05,credit
2025-12-24,DEPOSIT - CASH,7795.45,753117.97,credit
2025-12-24,CHEQUE DEPOSIT 1234,4773.33,757891.3,credit
2025-12-24,INWARD - GULF SOURCING LLC,4942.1,762833.4,credit
2025-12-24,BANK CHARGES,-3642.86,759190.54,debit
2025-12-24,ETISALAT BILL,-2937.32,756253.22,debit
2025-12-24,FUEL CARD - ENOC,-3362.27,752890.95,debit
2025-12-24,POS PURCHASE - CARREFOUR,-1850.55,751040.4,debit
2025-12-25,ATM WITHDRAWAL DUBAI,-1591.5,757461.93,debit
2025-12-25,FUEL CARD - ENOC,-3152.64,759053.43,debit
2025-12-25,INWARD TT - HASSAN GENERAL TR,8524.63,759565.03,credit
2025-12-25,INWARD - GULF SOURCING LLC,2641.04,762206.07,credit
2025-12-26,TRF FROM AL FAJR TRADING,3874.04,761335.97,credit
2025-12-26,DEWA BILL,-3359.61,757976.36,debit
2025-12-26,DEWA BILL,-2209.28,755767.08,debit
2025-12-27,INWARD TT - HASSAN GENERAL TR,9958.58,765725.66,credit
2025-12-27,CHEQUE DEPOSIT 1234,9390.55,775116.21,credit
2025-12-27,ATM WITHDRAWAL DUBAI,-553.72,774562.49,debit
2025-12-27,DEBIT - SUPPLIER PMT,-3485.55,771076.94,debit
2025-12-28,DEWA BILL,-2094.18,770646.66,debit
2025-12-28,FUEL CARD - ENOC,-4045.55,772740.84,debit
2025-12-28,INWARD TT - HASSAN GENERAL TR,5709.45,776786.39,credit
2025-12-29,CHEQUE DEPOSIT 1234,10858.31,719257.84,credit
2025-12-29,INWARD TT - HASSAN GENERAL TR,4479.59,723737.43,credit
2025-12-29,INWARD - GULF SOURCING LLC,8715.74,732453.17,credit
2025-12-29,BANK CHARGES,-1823.26,730629.91,debit
2025-12-29,ETISALAT BILL,-2115.79,728514.12,debit
2025-12-30,CHEQUE DEPOSIT 1234,9827.62,738341.74,credit
2025-12-30,DEWA BILL,-1397.29,736944.45,debit
2025-12-30,DEBIT - SUPPLIER PMT,-2783.6,734160.85,debit
2025-12-31,DEWA BILL,-555.03,748265.02,debit
2025-12-31,INWARD TT NASEEM CUSTOMER PMT,5136.09,751602.23,credit
2025-12-31,FUEL CARD - ENOC,-2782.18,748820.05,debit
2025-12-31,TRF FROM AL FAJR TRADING,7229.05,746466.14,credit
2025-12-31,INWARD - GULF SOURCING LLC,5076.24,739237.09,credit
2026-01-01,INWARD TT NASEEM CUSTOMER PMT,2156.31,750421.33,credit
2026-01-01,CHEQUE DEPOSIT 1234,7629.09,758050.42,credit
2026-01-01,DEPOSIT - CASH,7672.48,765722.9,credit
2026-01-01,ETISALAT BILL,-2765.57,762957.33,debit
2026-01-01,FUEL CARD - ENOC,-1604.5,761352.83,debit
2026-01-01,DEBIT - SUPPLIER PMT,-3673.09,757679.74,debit
2026-01-01,DEBIT - SUPPLIER PMT,-2559.09,755120.65,debit
2026-01-02,ATM WITHDRAWAL DUBAI,-810.17,767014.47,debit
2026-01-02,ATM WITHDRAWAL DUBAI,-1293.99,767824.64,debit
2026-01-02,FUEL CARD - ENOC,-1595.75,769118.63,debit
2026-01-02,DEBIT - SUPPLIER PMT,-2477.32,770714.38,debit
2026-01-02,DEPOSIT - CASH,7217.68,773191.7,credit
2026-01-02,INWARD - GULF SOURCING LLC,2203.28,765974.02,credit
2026-01-02,INWARD TT - HASSAN GENERAL TR,8650.09,763770.74,credit
2026-01-03,TRF FROM AL FAJR TRADING,2984.7,769999.17,credit
2026-01-03,POS SETTLEMENT,2853.52,772852.69,credit
2026-01-03,DEWA BILL,-1264.66,771588.03,debit
2026-01-03,DEBIT - SUPPLIER PMT,-1847.7,769740.33,debit
2026-01-03,DEBIT - SUPPLIER PMT,-2500.92,767239.41,debit
2026-01-03,DEBIT - SUPPLIER PMT,-3593.4,763646.01,debit
2026-01-04,ATM WITHDRAWAL DUBAI,-2371.11,768626.09,debit
2026-01-04,ATM WITHDRAWAL DUBAI,-3172.2,770997.2,debit
2026-01-04,FUEL CARD - ENOC,-553.08,774169.4,debit
2026-01-04,INWARD - GULF SOURCING LLC,2515.4,766161.41,credit
2026-01-04,CHEQUE DEPOSIT 1234,8561.07,774722.48,credit
2026-01-05,DEPOSIT - CASH,7556.88,776182.97,credit
2026-01-05,POS SETTLEMENT,5568.96,781751.93,credit
2026-01-05,DEPOSIT - CASH,4074.02,785825.95,credit
2026-01-05,FUEL CARD - ENOC,-3552.95,782273.0,debit
2026-01-05,DEWA BILL,-4062.69,778210.31,debit
2026-01-05,STANDING ORDER - AL HABTOOR REAL ESTATE RENT,-35000.0,743210.31,debit
2026-01-06,BANK CHARGES,-516.92,753627.44,debit
2026-01-06,POS PURCHASE - CARREFOUR,-2285.75,746335.55,debit
2026-01-06,ETISALAT BILL,-1302.5,748621.3,debit
2026-01-06,INWARD - GULF SOURCING LLC,3278.76,754144.36,credit
2026-01-06,TRF FROM AL FAJR TRADING,7655.29,750865.6,credit
2026-01-06,ETISALAT BILL,-3703.64,749923.8,debit
2026-01-07,FUEL CARD - ENOC,-571.37,744707.6,debit
2026-01-07,INWARD - GULF SOURCING LLC,3241.37,749576.92,credit
2026-01-07,DEBIT - SUPPLIER PMT,-4297.95,745278.97,debit
2026-01-07,CHEQUE DEPOSIT 9921 - PENDING CLR,14154.84,758862.44,credit
2026-01-08,BANK CHARGES,-1047.76,748590.66,debit
2026-01-08,INWARD TT - HASSAN GENERAL TR,2768.88,747401.48,credit
2026-01-08,SALARY TRF EMP07 ALNASEEM,-10360.51,708399.53,debit
2026-01-08,FUEL CARD - ENOC,-3141.77,749638.42,debit
2026-01-08,POS SETTLEMENT,5378.71,752780.19,credit
2026-01-08,SALARY TRF EMP06 ALNASEEM,-6503.39,718760.04,debit
2026-01-08,SALARY TRF EMP03 ALNASEEM,-6583.69,743331.46,debit
2026-01-08,SALARY TRF EMP04 ALNASEEM,-7979.33,735352.13,debit
2026-01-08,SALARY TRF EMP00 ALNASEEM,-6959.72,763686.94,debit
2026-01-08,SALARY TRF EMP05 ALNASEEM,-10088.7,725263.43,debit
2026-01-08,SALARY TRF EMP02 ALNASEEM,-5582.5,749915.15,debit
2026-01-08,SALARY TRF EMP01 ALNASEEM,-8189.29,755497.65,debit
2026-01-09,BANK CHARGES,-1236.9,756742.13,debit
2026-01-09,POS SETTLEMENT,1741.85,759258.38,credit
2026-01-09,INWARD TT - HASSAN GENERAL TR,2511.02,757516.53,credit
2026-01-09,ATM WITHDRAWAL DUBAI,-1492.63,755249.5,debit
2026-01-09,BANK CHARGE - RETURNED CHEQUE FEE,-75.0,744632.6,debit
2026-01-09,RETURNED CHEQUE - INSUFFICIENT FUNDS,-14154.84,744707.6,debit
2026-01-09,DEPOSIT - CASH,6414.85,755005.51,credit
2026-01-09,ATM WITHDRAWAL DUBAI,-1279.35,757979.03,debit
2026-01-10,TRF FROM AL FAJR TRADING,6335.52,761585.02,credit
2026-01-10,POS PURCHASE - CARREFOUR,-1482.56,760102.46,debit
2026-01-10,DEWA BILL,-2051.4,758051.06,debit
2026-01-11,DEPOSIT - CASH,4316.69,762367.75,credit
2026-01-11,TRF FROM AL FAJR TRADING,6110.7,768478.45,credit
2026-01-11,DEBIT - SUPPLIER PMT,-3566.96,764911.49,debit
2026-01-11,FUEL CARD - ENOC,-1464.75,763446.74,debit
2026-01-12,ETISALAT BILL,-3667.1,754328.68,debit
2026-01-12,ETISALAT BILL,-3692.52,750636.16,debit
2026-01-12,BANK CHARGES,-4474.35,762345.33,debit
2026-01-12,POS SETTLEMENT,3372.94,766819.68,credit
2026-01-12,FUEL CARD - ENOC,-4349.55,757995.78,debit
2026-01-13,TRF FROM AL FAJR TRADING,7984.39,758620.55,credit
2026-01-13,INWARD TT - HASSAN GENERAL TR,7891.39,766511.94,credit
2026-01-13,INWARD TT NASEEM CUSTOMER PMT,5070.51,771582.45,credit
2026-01-13,DEBIT - SUPPLIER PMT,-1877.85,769704.6,debit
2026-01-13,POS PURCHASE - CARREFOUR,-4348.45,765356.15,debit
2026-01-14,FUEL CARD - ENOC,-4356.75,776546.7,debit
2026-01-14,BANK CHARGES,-3109.57,780903.45,debit
2026-01-14,POS PURCHASE - CARREFOUR,-3610.08,784013.02,debit
2026-01-14,DEPOSIT - CASH,8064.47,787623.1,credit
2026-01-14,DEPOSIT - CASH,7402.0,772758.15,credit
2026-01-14,INWARD TT - HASSAN GENERAL TR,6800.48,779558.63,credit
2026-01-15,POS SETTLEMENT,7030.7,783577.4,credit
2026-01-15,ETISALAT BILL,-2887.92,780689.48,debit
2026-01-15,ATM WITHDRAWAL DUBAI,-2035.61,778653.87,debit
2026-01-15,ETISALAT BILL,-2674.0,775979.87,debit
2026-01-15,DEBIT - SUPPLIER PMT,-843.88,775135.99,debit
2026-01-16,ATM WITHDRAWAL DUBAI,-2277.47,788306.85,debit
2026-01-16,INWARD - GULF SOURCING LLC,6713.88,792032.02,credit
2026-01-16,POS PURCHASE - CARREFOUR,-1447.7,790584.32,debit
2026-01-16,INWARD - GULF SOURCING LLC,3795.41,778931.4,credit
2026-01-16,DEPOSIT - CASH,6386.74,785318.14,credit
2026-01-17,POS SETTLEMENT,3510.46,791817.31,credit
2026-01-17,TRF FROM AL FAJR TRADING,3399.33,795216.64,credit
2026-01-17,INWARD TT NASEEM CUSTOMER PMT,4585.84,799802.48,credit
2026-01-17,ETISALAT BILL,-846.57,798955.91,debit
2026-01-17,ETISALAT BILL,-624.52,798331.39,debit
2026-01-18,CHEQUE DEPOSIT 9921 - PENDING CLR,18680.79,818573.3,credit
2026-01-18,ATM WITHDRAWAL DUBAI,-3318.08,803644.4,debit
2026-01-18,DEBIT - SUPPLIER PMT,-4161.58,806962.48,debit
2026-01-18,DEBIT - SUPPLIER PMT,-3751.89,799892.51,debit
2026-01-18,CHEQUE DEPOSIT 1234,6421.95,812871.72,credit
2026-01-18,INWARD - GULF SOURCING LLC,8118.38,806449.77,credit
2026-01-18,DEWA BILL,-1747.66,811124.06,debit
2026-01-19,POS SETTLEMENT,6755.74,806573.25,credit
2026-01-19,CHEQUE DEPOSIT 1234,4326.05,810899.3,credit
2026-01-19,INWARD TT - HASSAN GENERAL TR,5229.44,816128.74,credit
2026-01-19,DEWA BILL,-3756.95,812371.79,debit
2026-01-19,POS PURCHASE - CARREFOUR,-4132.03,808239.76,debit
2026-01-19,FUEL CARD - ENOC,-4356.39,803883.37,debit
2026-01-19,DEBIT - SUPPLIER PMT,-1463.7,802419.67,debit
2026-01-20,DEWA BILL,-4048.01,796504.96,debit
2026-01-20,WIRE OUT - LIWA TRADING SUPPLIER,-23025.16,773479.8,debit
2026-01-20,WIRE OUT - LIWA TRADING SUPPLIER,-43316.98,730162.82,debit
2026-01-20,DEBIT - SUPPLIER PMT,-2237.0,800552.97,debit
2026-01-20,BANK CHARGE - RETURNED CHEQUE FEE,-75.0,799817.51,debit
2026-01-20,DEBIT - SUPPLIER PMT,-2611.76,807109.4,debit
2026-01-20,CHEQUE DEPOSIT 1234,7301.49,809721.16,credit
2026-01-20,RETURNED CHEQUE - INSUFFICIENT FUNDS,-18680.79,799892.51,debit
2026-01-20,POS PURCHASE - CARREFOUR,-4319.43,802789.97,debit
2026-01-21,TRF FROM AL FAJR TRADING,7118.95,737281.77,credit
2026-01-21,CHEQUE DEPOSIT 1234,6352.32,743634.09,credit
2026-01-21,FUEL CARD - ENOC,-1630.51,742003.58,debit
2026-01-21,DEBIT - SUPPLIER PMT,-3891.96,738111.62,debit
2026-01-22,BANK CHARGES,-2435.95,736627.35,debit
2026-01-22,FUEL CARD - ENOC,-874.42,739063.3,debit
2026-01-22,DEBIT - SUPPLIER PMT,-1483.38,739937.72,debit
2026-01-22,DEPOSIT - CASH,3309.48,741421.1,credit
2026-01-23,DEPOSIT - CASH,6712.68,743340.03,credit
2026-01-23,DEBIT - SUPPLIER PMT,-3772.53,739567.5,debit
2026-01-23,DEWA BILL,-650.76,738916.74,debit
2026-01-23,FUEL CARD - ENOC,-4319.48,734597.26,debit
2026-01-23,ATM WITHDRAWAL DUBAI,-779.73,733817.53,debit
2026-01-24,POS PURCHASE - CARREFOUR,-1592.7,734600.46,debit
2026-01-24,ATM WITHDRAWAL DUBAI,-3068.1,731532.36,debit
2026-01-24,POS PURCHASE - CARREFOUR,-1525.83,736193.16,debit
2026-01-24,INWARD TT - HASSAN GENERAL TR,1883.78,738511.34,credit
2026-01-24,FUEL CARD - ENOC,-792.35,737718.99,debit
2026-01-24,POS SETTLEMENT,2810.03,736627.56,credit
2026-01-25,INWARD TT - HASSAN GENERAL TR,4051.53,735583.89,credit
2026-01-25,DEWA BILL,-2132.53,733451.36,debit
2026-01-25,BANK CHARGES,-3850.01,729601.35,debit
2026-01-26,INWARD - GULF SOURCING LLC,3611.05,733212.4,credit
2026-01-26,INWARD TT - HASSAN GENERAL TR,6821.71,740034.11,credit
2026-01-26,FUEL CARD - ENOC,-4232.7,735801.41,debit
2026-01-26,ATM WITHDRAWAL DUBAI,-631.72,735169.69,debit
2026-01-26,ATM WITHDRAWAL DUBAI,-4081.11,731088.58,debit
2026-01-26,POS PURCHASE - CARREFOUR,-1944.64,729143.94,debit
2026-01-27,POS PURCHASE - CARREFOUR,-1376.0,727776.84,debit
2026-01-27,FUEL CARD - ENOC,-3570.56,729152.84,debit
2026-01-27,ATM WITHDRAWAL DUBAI,-2347.72,732723.4,debit
2026-01-27,TRF FROM AL FAJR TRADING,2926.02,732069.96,credit
2026-01-27,DEPOSIT - CASH,6840.64,738910.6,credit
2026-01-27,BANK CHARGES,-3839.48,735071.12,debit
2026-01-28,SALARY TRF EMP03 ALNASEEM,-5561.44,705960.66,debit
2026-01-28,SALARY TRF EMP07 ALNASEEM,-9104.16,671116.02,debit
2026-01-28,SALARY TRF EMP06 ALNASEEM,-10730.9,680220.18,debit
2026-01-28,SALARY TRF EMP05 ALNASEEM,-7468.53,690951.08,debit
2026-01-28,SALARY TRF EMP04 ALNASEEM,-7541.05,698419.61,debit
2026-01-28,SALARY TRF EMP02 ALNASEEM,-7190.07,711522.1,debit
2026-01-28,FUEL CARD - ENOC,-3394.31,732627.72,debit
2026-01-28,SALARY TRF EMP00 ALNASEEM,-7634.61,724993.11,debit
2026-01-28,POS PURCHASE - CARREFOUR,-4114.79,736022.03,debit
2026-01-28,BANK CHARGES,-1284.65,740136.82,debit
2026-01-28,TRF FROM AL FAJR TRADING,7609.71,741421.47,credit
2026-01-28,INWARD TT NASEEM CUSTOMER PMT,6034.92,733811.76,credit
2026-01-28,SALARY TRF EMP01 ALNASEEM,-6280.94,718712.17,debit
2026-01-29,DEBIT - SUPPLIER PMT,-1330.92,688036.46,debit
2026-01-29,POS SETTLEMENT,7180.5,690679.77,credit
2026-01-29,POS PURCHASE - CARREFOUR,-1312.39,689367.38,debit
2026-01-29,DEPOSIT - CASH,6987.8,678103.82,credit
2026-01-29,DEPOSIT - CASH,5395.45,683499.27,credit
2026-01-30,POS SETTLEMENT,6873.25,694909.71,credit
2026-01-30,BANK CHARGES,-2130.9,692778.81,debit
2026-01-30,FUEL CARD - ENOC,-1622.22,691156.59,debit
2026-01-31,CHEQUE DEPOSIT 1234,2393.99,693550.58,credit
2026-01-31,DEBIT - SUPPLIER PMT,-4482.83,689067.75,debit
2026-01-31,POS PURCHASE - CARREFOUR,-2056.26,687011.49,debit
2026-02-01,DEBIT - SUPPLIER PMT,-3431.2,698882.18,debit
2026-02-01,BANK CHARGES,-3115.16,705957.17,debit
2026-02-01,FUEL CARD - ENOC,-3643.79,702313.38,debit
2026-02-01,INWARD - GULF SOURCING LLC,6765.98,700547.54,credit
2026-02-01,POS SETTLEMENT,8524.79,709072.33,credit
2026-02-01,TRF FROM AL FAJR TRADING,6770.07,693781.56,credit
2026-02-02,TRF FROM AL FAJR TRADING,3444.96,702327.14,credit
2026-02-02,DEPOSIT - CASH,8375.19,710702.33,credit
2026-02-02,DEWA BILL,-1570.56,709131.77,debit
2026-02-02,ATM WITHDRAWAL DUBAI,-2888.8,706242.97,debit
2026-02-03,DEBIT - SUPPLIER PMT,-4119.02,718466.88,debit
2026-02-03,ETISALAT BILL,-2632.03,722585.9,debit
2026-02-03,POS PURCHASE - CARREFOUR,-2219.79,725217.93,debit
2026-02-03,INWARD TT NASEEM CUSTOMER PMT,7686.53,718788.84,credit
2026-02-03,INWARD TT NASEEM CUSTOMER PMT,4859.34,711102.31,credit
2026-02-03,POS SETTLEMENT,8648.88,727437.72,credit
2026-02-04,CHEQUE DEPOSIT 1234,4208.46,722675.34,credit
2026-02-04,POS SETTLEMENT,5189.28,727864.62,credit
2026-02-04,ETISALAT BILL,-3126.37,724738.25,debit
2026-02-04,DEWA BILL,-3844.46,720893.79,debit
2026-02-04,BANK CHARGES,-1882.37,719011.42,debit
2026-02-04,POS PURCHASE - CARREFOUR,-2464.95,716546.47,debit
2026-02-05,DEWA BILL,-3178.69,715607.36,debit
2026-02-05,POS PURCHASE - CARREFOUR,-1038.62,718786.05,debit
2026-02-05,STANDING ORDER - AL HABTOOR REAL ESTATE RENT,-35000.0,680607.36,debit
2026-02-05,INWARD TT - HASSAN GENERAL TR,6863.14,723409.61,credit
2026-02-05,ATM WITHDRAWAL DUBAI,-3584.94,719824.67,debit
2026-02-06,TRF FROM AL FAJR TRADING,8669.47,689276.83,credit
2026-02-06,ATM WITHDRAWAL DUBAI,-2231.83,687045.0,debit
2026-02-06,FUEL CARD - ENOC,-3518.26,683526.74,debit
2026-02-06,ETISALAT BILL,-1486.09,682040.65,debit
2026-02-06,BANK CHARGES,-1520.74,680519.91,debit
2026-02-07,ATM WITHDRAWAL DUBAI,-751.95,688168.05,debit
2026-02-07,DEBIT - SUPPLIER PMT,-2143.52,688920.0,debit
2026-02-07,POS PURCHASE - CARREFOUR,-1899.22,686268.83,debit
2026-02-07,INWARD - GULF SOURCING LLC,8352.39,692429.61,credit
2026-02-07,INWARD TT - HASSAN GENERAL TR,3557.31,684077.22,credit
2026-02-07,DEWA BILL,-1366.09,691063.52,debit
2026-02-08,POS SETTLEMENT,7242.13,693510.96,credit
2026-02-08,DEPOSIT - CASH,5942.93,699453.89,credit
2026-02-08,DEPOSIT - CASH,2592.33,702046.22,credit
2026-02-08,BANK CHARGES,-1943.65,700102.57,debit
2026-02-08,FUEL CARD - ENOC,-1225.42,698877.15,debit
2026-02-09,POS SETTLEMENT,6179.64,705056.79,credit
2026-02-09,FUEL CARD - ENOC,-3551.38,701505.41,debit
2026-02-09,ETISALAT BILL,-1435.68,700069.73,debit
2026-02-09,ATM WITHDRAWAL DUBAI,-1048.48,699021.25,debit
2026-02-09,POS PURCHASE - CARREFOUR,-1918.16,697103.09,debit
2026-02-10,BANK CHARGES,-2893.68,697334.17,debit
2026-02-10,WIRE OUT - URGENT SUPPLIER SETTLEMENT,-480000.0,217334.17,debit
2026-02-10,FUEL CARD - ENOC,-1200.29,700227.85,debit
2026-02-10,ETISALAT BILL,-1449.48,701428.14,debit
2026-02-10,INWARD TT NASEEM CUSTOMER PMT,2466.55,702877.62,credit
2026-02-10,INWARD TT - HASSAN GENERAL TR,3307.98,700411.07,credit
2026-02-11,DEPOSIT - CASH,5721.59,223055.76,credit
2026-02-11,BANK CHARGES,-524.54,222531.22,debit
2026-02-11,DEWA BILL,-3142.5,219388.72,debit
2026-02-11,CHEQUE DEPOSIT 9921 - PENDING CLR,23683.18,243071.9,credit
2026-02-12,DEWA BILL,-806.25,230872.42,debit
2026-02-12,CHEQUE DEPOSIT 1234,7425.74,234850.46,credit
2026-02-12,DEBIT - SUPPLIER PMT,-3171.79,231678.67,debit
2026-02-12,INWARD TT NASEEM CUSTOMER PMT,2676.9,221990.62,credit
2026-02-12,INWARD - GULF SOURCING LLC,5434.1,227424.72,credit
2026-02-13,DEWA BILL,-2428.1,247178.28,debit
2026-02-13,RETURNED CHEQUE - INSUFFICIENT FUNDS,-23683.18,219388.72,debit
2026-02-13,BANK CHARGE - RETURNED CHEQUE FEE,-75.0,219313.72,debit
2026-02-13,TRF FROM AL FAJR TRADING,6502.87,237375.29,credit
2026-02-13,DEPOSIT - CASH,7262.41,244637.7,credit
2026-02-13,TRF FROM AL FAJR TRADING,7921.38,252559.08,credit
2026-02-13,DEWA BILL,-888.87,251670.21,debit
2026-02-13,BANK CHARGES,-2063.83,249606.38,debit
2026-02-14,DEWA BILL,-3528.62,246003.69,debit
2026-02-14,POS PURCHASE - CARREFOUR,-1170.64,249532.31,debit
2026-02-14,INWARD - GULF SOURCING LLC,3524.67,250702.95,credit
2026-02-15,INWARD - GULF SOURCING LLC,5917.54,251921.23,credit
2026-02-15,FUEL CARD - ENOC,-3588.74,248332.49,debit
2026-02-15,ATM WITHDRAWAL DUBAI,-1679.84,246652.65,debit
2026-02-16,TRF FROM AL FAJR TRADING,8303.68,254956.33,credit
2026-02-16,ATM WITHDRAWAL DUBAI,-1821.43,253134.9,debit
2026-02-16,ETISALAT BILL,-3450.21,249684.69,debit
2026-02-16,POS PURCHASE - CARREFOUR,-2078.42,247606.27,debit
2026-02-16,POS PURCHASE - CARREFOUR,-863.76,246742.51,debit
2026-02-17,DEBIT - SUPPLIER PMT,-2469.58,247768.19,debit
2026-02-17,ETISALAT BILL,-527.75,250237.77,debit
2026-02-17,TRF FROM AL FAJR TRADING,5736.66,254138.15,credit
2026-02-17,INWARD TT NASEEM CUSTOMER PMT,1658.98,248401.49,credit
2026-02-17,BANK CHARGES,-3372.63,250765.52,debit
2026-02-18,TRF FROM AL FAJR TRADING,7856.61,255624.8,credit
2026-02-18,DEPOSIT - CASH,8141.4,263766.2,credit
2026-02-18,BANK CHARGES,-1659.03,262107.17,debit
2026-02-18,DEWA BILL,-2898.42,259208.75,debit
2026-02-18,ATM WITHDRAWAL DUBAI,-1145.27,258063.48,debit
2026-02-19,FUEL CARD - ENOC,-3965.84,268446.92,debit
2026-02-19,INWARD TT NASEEM CUSTOMER PMT,1639.53,272412.76,credit
2026-02-19,BANK CHARGES,-545.41,267901.51,debit
2026-02-19,INWARD TT NASEEM CUSTOMER PMT,7429.66,265493.14,credit
2026-02-19,TRF FROM AL FAJR TRADING,5280.09,270773.23,credit
2026-02-20,INWARD TT - HASSAN GENERAL TR,1589.53,269491.04,credit
2026-02-20,INWARD - GULF SOURCING LLC,6784.72,276275.76,credit
2026-02-20,INWARD TT - HASSAN GENERAL TR,7690.76,283966.52,credit
2026-02-20,BANK CHARGES,-3641.48,280325.04,debit
2026-02-20,DEBIT - SUPPLIER PMT,-1174.35,279150.69,debit
2026-02-20,ETISALAT BILL,-4496.93,274653.76,debit
2026-02-20,FUEL CARD - ENOC,-1353.88,273299.88,debit
2026-02-20,WIRE OUT - LIWA TRADING SUPPLIER,-36702.95,236596.93,debit
2026-02-21,BANK CHARGES,-1484.54,242624.49,debit
2026-02-21,DEWA BILL,-4382.55,244109.03,debit
2026-02-21,ETISALAT BILL,-4011.6,248491.58,debit
2026-02-21,POS SETTLEMENT,5443.51,252503.18,credit
2026-02-21,CHEQUE DEPOSIT 1234,5042.51,241639.44,credit
2026-02-21,CHEQUE DEPOSIT 1234,5420.23,247059.67,credit
2026-02-22,INWARD TT NASEEM CUSTOMER PMT,7664.57,250289.06,credit
2026-02-22,DEPOSIT - CASH,6650.65,256939.71,credit
2026-02-22,TRF FROM AL FAJR TRADING,7978.69,264918.4,credit
2026-02-22,ATM WITHDRAWAL DUBAI,-2629.89,262288.51,debit
2026-02-22,DEWA BILL,-3061.93,259226.58,debit
2026-02-22,DEWA BILL,-2039.35,257187.23,debit
2026-02-23,ATM WITHDRAWAL DUBAI,-1461.97,263889.05,debit
2026-02-23,ETISALAT BILL,-583.78,263305.27,debit
2026-02-23,INWARD - GULF SOURCING LLC,2797.84,267419.51,credit
2026-02-23,INWARD TT - HASSAN GENERAL TR,7434.44,264621.67,credit
2026-02-23,ATM WITHDRAWAL DUBAI,-2068.49,265351.02,debit
2026-02-24,INWARD TT - HASSAN GENERAL TR,4662.05,267967.32,credit
2026-02-24,ATM WITHDRAWAL DUBAI,-2161.26,265806.06,debit
2026-02-24,ATM WITHDRAWAL DUBAI,-3282.8,262523.26,debit
2026-02-24,POS PURCHASE - CARREFOUR,-1953.89,260569.37,debit
2026-02-24,ETISALAT BILL,-3795.71,256773.66,debit
2026-02-24,CHEQUE DEPOSIT 9921 - PENDING CLR,27176.91,283950.57,credit
2026-02-25,ATM WITHDRAWAL DUBAI,-1088.93,259597.38,debit
2026-02-25,DEBIT - SUPPLIER PMT,-2388.87,257208.51,debit
2026-02-25,INWARD TT NASEEM CUSTOMER PMT,3987.65,260686.31,credit
2026-02-26,RETURNED CHEQUE - INSUFFICIENT FUNDS,-27176.91,256773.66,debit
2026-02-26,BANK CHARGE - RETURNED CHEQUE FEE,-75.0,256698.66,debit
2026-02-26,TRF FROM AL FAJR TRADING,4675.61,261884.12,credit
2026-02-26,DEPOSIT - CASH,2474.64,264358.76,credit
2026-02-26,DEPOSIT - CASH,1738.21,266096.97,credit
2026-02-26,POS PURCHASE - CARREFOUR,-1363.28,264733.69,debit
2026-02-26,ETISALAT BILL,-1327.07,263406.62,debit
2026-02-26,DEWA BILL,-2134.97,261271.65,debit
2026-02-27,POS PURCHASE - CARREFOUR,-2213.51,257047.42,debit
2026-02-27,BANK CHARGES,-4228.67,252818.75,debit
2026-02-27,BANK CHARGES,-1802.64,259260.93,debit
2026-02-27,CHEQUE DEPOSIT 1234,3154.68,264426.33,credit
2026-02-27,ETISALAT BILL,-3362.76,261063.57,debit
2026-02-28,SALARY TRF EMP07 ALNASEEM,-10688.35,186763.32,debit
2026-02-28,SALARY TRF EMP06 ALNASEEM,-7310.25,197451.67,debit
2026-02-28,SALARY TRF EMP05 ALNASEEM,-7593.47,204761.92,debit
2026-02-28,SALARY TRF EMP03 ALNASEEM,-9249.65,220783.24,debit
2026-02-28,SALARY TRF EMP02 ALNASEEM,-6380.63,230032.89,debit
2026-02-28,SALARY TRF EMP01 ALNASEEM,-4671.18,236413.52,debit
2026-02-28,SALARY TRF EMP04 ALNASEEM,-8427.85,212355.39,debit
2026-02-28,BANK CHARGES,-2920.53,247821.51,debit
2026-02-28,DEBIT - SUPPLIER PMT,-690.6,250742.04,debit
2026-02-28,BANK CHARGES,-2072.86,251432.64,debit
2026-02-28,BANK CHARGES,-3255.53,253505.5,debit
2026-02-28,INWARD TT NASEEM CUSTOMER PMT,3942.28,256761.03,credit
2026-02-28,SALARY TRF EMP00 ALNASEEM,-6736.81,241084.7,debit
2026-03-01,INWARD TT NASEEM CUSTOMER PMT,8600.07,195363.39,credit
2026-03-01,BANK CHARGES,-4448.76,190914.63,debit
2026-03-01,BANK CHARGES,-678.07,190236.56,debit
2026-03-01,ATM WITHDRAWAL DUBAI,-1078.33,189158.23,debit
2026-03-01,POS PURCHASE - CARREFOUR,-2997.89,186160.34,debit
2026-03-02,FUEL CARD - ENOC,-771.93,184991.49,debit
2026-03-02,ATM WITHDRAWAL DUBAI,-4048.64,185763.42,debit
2026-03-02,ETISALAT BILL,-1377.47,189812.06,debit
2026-03-02,CHEQUE DEPOSIT 1234,3296.89,191189.53,credit
2026-03-02,INWARD - GULF SOURCING LLC,1732.3,187892.64,credit
2026-03-03,TRF FROM AL FAJR TRADING,7451.08,192442.57,credit
2026-03-03,ATM WITHDRAWAL DUBAI,-607.89,191834.68,debit
2026-03-03,DEWA BILL,-1962.88,189871.8,debit
2026-03-04,ATM WITHDRAWAL DUBAI,-1156.92,191047.81,debit
2026-03-04,DEBIT - SUPPLIER PMT,-4346.88,192204.73,debit
2026-03-04,ATM WITHDRAWAL DUBAI,-1511.17,189536.64,debit
2026-03-04,DEPOSIT - CASH,5886.48,197617.49,credit
2026-03-04,INWARD TT - HASSAN GENERAL TR,1859.21,191731.01,credit
2026-03-04,ATM WITHDRAWAL DUBAI,-1065.88,196551.61,debit
2026-03-05,INWARD - GULF SOURCING LLC,2426.4,191963.04,credit
2026-03-05,POS PURCHASE - CARREFOUR,-2671.23,189291.81,debit
2026-03-05,ATM WITHDRAWAL DUBAI,-2725.57,186566.24,debit
2026-03-05,ATM WITHDRAWAL DUBAI,-2601.32,183964.92,debit
2026-03-05,ATM WITHDRAWAL DUBAI,-4100.44,179864.48,debit
2026-03-05,STANDING ORDER - AL HABTOOR REAL ESTATE RENT,-35000.0,144864.48,debit
2026-03-05,WIRE OUT - VAT PAYMENT FTA,-95000.0,49864.48,debit
2026-03-06,DEWA BILL,-1414.75,46478.29,debit
2026-03-06,POS PURCHASE - CARREFOUR,-998.01,45480.28,debit
2026-03-06,DEWA BILL,-3902.59,47893.04,debit
2026-03-06,CHEQUE DEPOSIT 1234,3822.15,53686.63,credit
2026-03-06,ATM WITHDRAWAL DUBAI,-1891.0,51795.63,debit
2026-03-07,DEPOSIT - CASH,8462.16,53942.44,credit
2026-03-07,INWARD TT - HASSAN GENERAL TR,3863.19,57805.63,credit
2026-03-07,TRF FROM AL FAJR TRADING,4675.12,62480.75,credit
2026-03-07,ETISALAT BILL,-1684.27,60796.48,debit
2026-03-07,POS PURCHASE - CARREFOUR,-908.12,59888.36,debit
2026-03-07,DEWA BILL,-1193.62,58694.74,debit
2026-03-08,DEWA BILL,-2308.58,65367.57,debit
2026-03-08,BANK CHARGES,-3393.39,67676.15,debit
2026-03-08,INWARD TT NASEEM CUSTOMER PMT,5900.44,64595.18,credit
2026-03-08,INWARD TT - HASSAN GENERAL TR,6474.36,71069.54,credit
2026-03-09,INWARD TT - HASSAN GENERAL TR,4451.67,69819.24,credit
2026-03-09,INWARD - GULF SOURCING LLC,5245.33,75064.57,credit
2026-03-09,POS PURCHASE - CARREFOUR,-2639.22,72425.35,debit
2026-03-09,BANK CHARGES,-1380.98,71044.37,debit
2026-03-09,DEWA BILL,-1903.78,69140.59,debit
2026-03-09,CHEQUE DEPOSIT 9921 - PENDING CLR,26662.98,95803.57,credit
2026-03-10,BANK CHARGES,-1777.76,80294.63,debit
2026-03-10,BANK CHARGES,-3493.3,76801.33,debit
2026-03-10,TRF FROM AL FAJR TRADING,7922.64,84813.16,credit
2026-03-10,POS SETTLEMENT,7824.93,76890.52,credit
2026-03-10,FUEL CARD - ENOC,-2740.77,82072.39,debit
2026-03-11,RETURNED CHEQUE - INSUFFICIENT FUNDS,-26662.98,69140.59,debit
2026-03-11,BANK CHARGE - RETURNED CHEQUE FEE,-75.0,69065.59,debit
2026-03-11,INWARD TT NASEEM CUSTOMER PMT,4980.46,81781.79,credit
2026-03-11,DEBIT - SUPPLIER PMT,-3629.12,78152.67,debit
2026-03-11,DEWA BILL,-3140.06,75012.61,debit
2026-03-12,INWARD - GULF SOURCING LLC,4075.43,79088.04,credit
2026-03-12,CHEQUE DEPOSIT 1234,8550.58,87638.62,credit
2026-03-12,POS PURCHASE - CARREFOUR,-1208.01,86430.61,debit
2026-03-12,DEBIT - SUPPLIER PMT,-1528.97,84901.64,debit
2026-03-12,FUEL CARD - ENOC,-654.54,84247.1,debit
2026-03-13,POS PURCHASE - CARREFOUR,-2573.92,88507.77,debit
2026-03-13,FUEL CARD - ENOC,-3841.17,91081.69,debit
2026-03-13,BANK CHARGES,-4425.56,84082.21,debit
2026-03-13,TRF FROM AL FAJR TRADING,3241.47,87488.57,credit
2026-03-13,DEPOSIT - CASH,7434.29,94922.86,credit
2026-03-13,POS PURCHASE - CARREFOUR,-2301.97,81780.24,debit
2026-03-14,DEBIT - SUPPLIER PMT,-2740.18,81735.72,debit
2026-03-14,ATM WITHDRAWAL DUBAI,-3401.92,86104.51,debit
2026-03-14,DEWA BILL,-4225.09,89506.43,debit
2026-03-14,FUEL CARD - ENOC,-1628.61,84475.9,debit
2026-03-14,POS SETTLEMENT,1693.54,85894.24,credit
2026-03-14,POS SETTLEMENT,2420.46,84200.7,credit
2026-03-14,INWARD TT NASEEM CUSTOMER PMT,7837.28,93731.52,credit
2026-03-15,DEPOSIT - CASH,2565.11,84300.83,credit
2026-03-15,DEBIT - SUPPLIER PMT,-781.53,83519.3,debit
2026-03-15,ATM WITHDRAWAL DUBAI,-3923.4,79595.9,debit
2026-03-16,DEPOSIT - CASH,7946.53,87542.43,credit
2026-03-16,DEBIT - SUPPLIER PMT,-4242.44,83299.99,debit
2026-03-16,POS PURCHASE - CARREFOUR,-4171.5,79128.49,debit
2026-03-16,ETISALAT BILL,-2438.69,76689.8,debit
2026-03-17,POS PURCHASE - CARREFOUR,-4395.46,80841.16,debit
2026-03-17,ATM WITHDRAWAL DUBAI,-3670.09,77171.07,debit
2026-03-17,CHEQUE DEPOSIT 1234,8546.82,85236.62,credit
2026-03-18,INWARD - GULF SOURCING LLC,3996.98,81168.05,credit
2026-03-18,INWARD TT NASEEM CUSTOMER PMT,5061.77,86229.82,credit
2026-03-18,INWARD - GULF SOURCING LLC,3258.27,89488.09,credit
2026-03-18,ETISALAT BILL,-2739.59,86748.5,debit
2026-03-18,DEWA BILL,-1722.42,85026.08,debit
2026-03-18,FUEL CARD - ENOC,-3085.34,81940.74,debit
2026-03-18,ATM WITHDRAWAL DUBAI,-2036.06,79904.68,debit
2026-03-19,DEBIT - SUPPLIER PMT,-1872.7,96197.92,debit
2026-03-19,ETISALAT BILL,-4243.44,91954.48,debit
2026-03-19,ATM WITHDRAWAL DUBAI,-1389.36,98070.62,debit
2026-03-19,INWARD TT - HASSAN GENERAL TR,4197.41,99459.98,credit
2026-03-19,INWARD TT NASEEM CUSTOMER PMT,6962.99,95262.57,credit
2026-03-19,INWARD TT NASEEM CUSTOMER PMT,8394.9,88299.58,credit
2026-03-20,INWARD TT - HASSAN GENERAL TR,8547.34,100501.82,credit
2026-03-20,INWARD - GULF SOURCING LLC,3100.52,103602.34,credit
2026-03-20,ETISALAT BILL,-1481.98,102120.36,debit
2026-03-20,ATM WITHDRAWAL DUBAI,-4071.97,98048.39,debit
2026-03-20,BANK CHARGES,-2394.32,95654.07,debit
2026-03-20,WIRE OUT - LIWA TRADING SUPPLIER,-29418.65,66235.42,debit
2026-03-21,FUEL CARD - ENOC,-3287.4,68360.92,debit
2026-03-21,ETISALAT BILL,-2375.04,71648.32,debit
2026-03-21,INWARD TT NASEEM CUSTOMER PMT,2256.92,76333.36,credit
2026-03-21,INWARD - GULF SOURCING LLC,7841.02,74076.44,credit
2026-03-21,ETISALAT BILL,-2310.0,74023.36,debit
2026-03-22,CHEQUE DEPOSIT 1234,6362.39,74723.31,credit
2026-03-22,CHEQUE DEPOSIT 1234,7286.96,82010.27,credit
2026-03-22,ATM WITHDRAWAL DUBAI,-986.34,81023.93,debit
2026-03-22,FUEL CARD - ENOC,-4082.9,76941.03,debit
2026-03-22,CHEQUE DEPOSIT 9921 - PENDING CLR,24721.32,101662.35,credit
2026-03-23,ETISALAT BILL,-4393.01,79296.81,debit
2026-03-23,ATM WITHDRAWAL DUBAI,-4281.93,83689.82,debit
2026-03-23,DEPOSIT - CASH,6315.78,83181.81,credit
2026-03-23,INWARD - GULF SOURCING LLC,4789.94,87971.75,credit
2026-03-24,RETURNED CHEQUE - INSUFFICIENT FUNDS,-24721.32,76941.03,debit
2026-03-24,BANK CHARGE - RETURNED CHEQUE FEE,-75.0,76866.03,debit
2026-03-24,TRF FROM AL FAJR TRADING,3776.71,83073.52,credit
2026-03-24,CHEQUE DEPOSIT 1234,5764.52,88838.04,credit
2026-03-24,TRF FROM AL FAJR TRADING,7702.35,96540.39,credit
2026-03-24,ETISALAT BILL,-3497.06,93043.33,debit
2026-03-24,ETISALAT BILL,-4464.43,88578.9,debit
2026-03-25,BANK CHARGES,-2023.55,94478.29,debit
2026-03-25,FUEL CARD - ENOC,-1926.17,96501.84,debit
2026-03-25,INWARD - GULF SOURCING LLC,2382.17,90961.07,credit
2026-03-25,POS SETTLEMENT,8255.88,99216.95,credit
2026-03-25,ETISALAT BILL,-788.94,98428.01,debit
2026-03-26,INWARD TT NASEEM CUSTOMER PMT,4268.06,98746.35,credit
2026-03-26,INWARD TT - HASSAN GENERAL TR,5032.79,103779.14,credit
2026-03-26,INWARD TT NASEEM CUSTOMER PMT,5475.67,109254.81,credit
2026-03-26,DEWA BILL,-2855.28,106399.53,debit
2026-03-26,FUEL CARD - ENOC,-1244.04,105155.49,debit
2026-03-26,POS PURCHASE - CARREFOUR,-1956.99,103198.5,debit
2026-03-26,ATM WITHDRAWAL DUBAI,-3819.0,99379.5,debit
2026-03-27,ETISALAT BILL,-1530.44,94060.7,debit
2026-03-27,BANK CHARGES,-4233.37,89827.33,debit
2026-03-27,DEWA BILL,-3619.22,98576.67,debit
2026-03-27,INWARD TT NASEEM CUSTOMER PMT,2816.39,102195.89,credit
2026-03-27,ATM WITHDRAWAL DUBAI,-2985.53,95591.14,debit
2026-03-28,SALARY TRF EMP07 ALNASEEM,-10836.28,24233.91,debit
2026-03-28,SALARY TRF EMP06 ALNASEEM,-8206.26,35070.19,debit
2026-03-28,SALARY TRF EMP05 ALNASEEM,-4635.97,43276.45,debit
2026-03-28,SALARY TRF EMP04 ALNASEEM,-6761.75,47912.42,debit
2026-03-28,SALARY TRF EMP02 ALNASEEM,-10526.93,64879.77,debit
2026-03-28,SALARY TRF EMP01 ALNASEEM,-7393.92,75406.7,debit
2026-03-28,SALARY TRF EMP03 ALNASEEM,-10205.6,54674.17,debit
2026-03-28,DEWA BILL,-983.52,93234.52,debit
2026-03-28,ATM WITHDRAWAL DUBAI,-4079.78,94218.04,debit
2026-03-28,TRF FROM AL FAJR TRADING,3954.31,98297.82,credit
2026-03-28,TRF FROM AL FAJR TRADING,2059.43,94343.51,credit
2026-03-28,INWARD - GULF SOURCING LLC,2456.75,92284.08,credit
2026-03-28,SALARY TRF EMP00 ALNASEEM,-10433.9,82800.62,debit
2026-03-29,POS PURCHASE - CARREFOUR,-735.78,29977.38,debit
2026-03-29,POS SETTLEMENT,3043.3,27277.21,credit
2026-03-29,DEPOSIT - CASH,3089.14,30366.35,credit
2026-03-29,DEPOSIT - CASH,4169.03,34535.38,credit
2026-03-29,BANK CHARGES,-3822.22,30713.16,debit
2026-03-29,POS PURCHASE - CARREFOUR,-1410.66,28566.72,debit
2026-03-30,ETISALAT BILL,-3283.15,42001.03,debit
2026-03-30,POS PURCHASE - CARREFOUR,-3218.23,45284.18,debit
2026-03-30,POS PURCHASE - CARREFOUR,-4449.42,37551.61,debit
2026-03-30,INWARD - GULF SOURCING LLC,5950.48,42347.09,credit
2026-03-30,TRF FROM AL FAJR TRADING,7829.89,36396.61,credit
2026-03-30,CHEQUE DEPOSIT 1234,6155.32,48502.41,credit
2026-03-31,ATM WITHDRAWAL DUBAI,-2002.28,49867.75,debit
2026-03-31,DEBIT - SUPPLIER PMT,-2872.99,46994.76,debit
2026-03-31,TRF FROM AL FAJR TRADING,8546.19,46097.8,credit
2026-03-31,POS SETTLEMENT,5772.23,51870.03,credit
2026-03-31,ETISALAT BILL,-2720.1,44274.66,debit
